-- phpMyAdmin SQL Dump
-- version 4.2.11
-- http://www.phpmyadmin.net
--
-- Host: 127.0.0.1
-- Generation Time: Jun 12, 2016 at 05:32 PM
-- Server version: 5.6.21
-- PHP Version: 5.6.3

SET SQL_MODE = "NO_AUTO_VALUE_ON_ZERO";
SET time_zone = "+00:00";


/*!40101 SET @OLD_CHARACTER_SET_CLIENT=@@CHARACTER_SET_CLIENT */;
/*!40101 SET @OLD_CHARACTER_SET_RESULTS=@@CHARACTER_SET_RESULTS */;
/*!40101 SET @OLD_COLLATION_CONNECTION=@@COLLATION_CONNECTION */;
/*!40101 SET NAMES utf8 */;

--
-- Database: `issuestracking`
--

-- --------------------------------------------------------

--
-- Table structure for table `action_permission`
--

CREATE TABLE IF NOT EXISTS `action_permission` (
`id` int(11) NOT NULL COMMENT 'Action ID',
  `module` varchar(50) NOT NULL COMMENT 'Module',
  `action` varchar(100) NOT NULL COMMENT 'Action Name',
  `description` varchar(150) NOT NULL COMMENT 'Description',
  `systemid` int(11) NOT NULL DEFAULT '0' COMMENT 'System ID Number'
) ENGINE=MyISAM AUTO_INCREMENT=155 DEFAULT CHARSET=latin1 COMMENT='Action Permission';

--
-- Dumping data for table `action_permission`
--

INSERT INTO `action_permission` (`id`, `module`, `action`, `description`, `systemid`) VALUES
(13, 'securitydata', 'index', '', 0),
(14, 'securitydata', 'listRoles', '', 0),
(15, 'securitydata', 'editRoles', '', 0),
(16, 'securitydata', 'updateRoles', '', 0),
(23, 'UserManager', 'index', '', 0),
(26, 'actionPermission', 'Create', '', 0),
(27, 'actionPermission', 'Update', '', 0),
(28, 'actionPermission', 'Delete', '', 0),
(29, 'actionPermission', 'Index', '', 0),
(30, 'securitydata', 'ListPermissions', '', 0),
(31, 'actionPermission', 'View', '', 0),
(38, 'user', 'Admin', '', 0),
(33, 'user', 'Create', '', 0),
(34, 'user', 'Update', '', 0),
(35, 'user', 'Delete', '', 0),
(36, 'user', 'Index', '', 0),
(37, 'user', 'View', '', 0),
(39, 'userRoleRef ', 'Admin', '', 0),
(40, 'userRoleRef ', 'Create', '', 0),
(41, 'userRoleRef ', 'Update', '', 0),
(42, 'userRoleRef ', 'Delete', '', 0),
(43, 'userRoleRef ', 'Index', '', 0),
(44, 'userRoleRef ', 'View', '', 0),
(150, 'issues', 'index', '', 0),
(151, 'issues', 'create', '', 0),
(152, 'issues', 'update', '', 0),
(153, 'issues', 'view', '', 0),
(154, 'issues', 'admin', '', 0);

-- --------------------------------------------------------

--
-- Table structure for table `lng_languages`
--

CREATE TABLE IF NOT EXISTS `lng_languages` (
  `language_code` varchar(10) NOT NULL,
  `language_desc` varchar(30) NOT NULL,
  `language_order` int(11) DEFAULT '0',
  `visible` tinyint(4) NOT NULL DEFAULT '1'
) ENGINE=MyISAM DEFAULT CHARSET=utf8;

--
-- Dumping data for table `lng_languages`
--

INSERT INTO `lng_languages` (`language_code`, `language_desc`, `language_order`, `visible`) VALUES
('fr', 'Français - French', 11, 1),
('en', 'English', 1, 1),
('zh_cn', '简体中文 - Chinese Simplified', 4, 1),
('zh_tr', '繁體中文 - Chinese Traditional', 5, 1),
('th', 'ภาษาไทย - Thai', 32, 1),
('ja', '日本語 - Japanese', 20, 1),
('vi', 'Tiếng Việt - Vietnamese', 35, 1),
('id', 'Bahasa Indonesia - Indonesian', 18, 1),
('ko_kr', '한국어 - Korean', 21, 1),
('ru', 'Pyccĸий - Russian', 27, 1),
('my', 'မြန်မာစာ - Burmese', 36, 1),
('km', 'Cambodian', 5, 1),
('lo', 'ລາວ - Laothian', 38, 1),
('ar', 'العربية - Arabic', 2, 1),
('bg', 'български - Bulgarian', 3, 1),
('hr', 'Hrvatski - Croatian', 6, 1),
('cs', 'Čeština - Czech', 7, 1),
('da', 'Danish', 8, 1),
('nl', 'Dansk - Dutch', 9, 1),
('fi', 'Suomi - Finnish', 10, 1),
('de', 'Deutsch - German', 12, 1),
('el', 'Ελληνικά - Greek', 13, 1),
('he', 'עברית - Hebrew', 14, 1),
('hi', 'हिंदी - Hindi', 15, 1),
('hu', 'Magyar - Hungarian', 16, 1),
('is', 'íslenska - Icelandic', 17, 1),
('it', 'Italiano - Italian', 19, 1),
('ms', 'Bahasa Melayu - Malay', 22, 1),
('no', 'Norsk - Norwegian', 23, 1),
('pl', 'Polski - Polish', 24, 1),
('pt_br', 'Português - Portuguese(Brazil)', 25, 1),
('pt', 'Português - Portuguese', 26, 1),
('sr_sr', 'Srpski - Serbian', 28, 1),
('es', 'Español - Spanish', 29, 1),
('sv', 'Svenska - Swedish', 30, 1),
('tl', 'Tagalog - Tagalog', 31, 1),
('tr', 'Türkçe - Turkish', 33, 1),
('ur', 'اردو - Urdu', 34, 1),
('mkh', 'ខ្មែរ - Khmer', 37, 1),
('bn', 'বাংলা  - Bengali', 39, 1);

-- --------------------------------------------------------

--
-- Table structure for table `lng_module`
--

CREATE TABLE IF NOT EXISTS `lng_module` (
`module_id` int(11) NOT NULL,
  `module_name` varchar(30) NOT NULL
) ENGINE=MyISAM AUTO_INCREMENT=31 DEFAULT CHARSET=utf8;

--
-- Dumping data for table `lng_module`
--

INSERT INTO `lng_module` (`module_id`, `module_name`) VALUES
(1, 'countries'),
(2, 'common_messages'),
(3, 'golfUnion'),
(4, 'golfClubTypes'),
(5, 'golfClub'),
(6, 'golfCourse'),
(7, 'members'),
(8, 'memberClubRefs'),
(9, 'golfCourseSpec'),
(10, 'MyClubMembers'),
(11, 'memberScores'),
(12, 'user'),
(13, 'actionPermission'),
(14, 'UserManager'),
(15, 'userRoleRef'),
(16, 'securitydata'),
(17, 'site'),
(18, 'template_main'),
(19, 'SiteManager'),
(20, 'LanguageManager'),
(21, 'golfClubMultilangProfiles'),
(22, 'golfCourseMultilangProfiles'),
(23, 'golfClubConfig'),
(24, 'statesProvinces'),
(25, 'LandingPages'),
(26, 'empEmployees'),
(27, 'empDepartment'),
(28, 'cabinReservations'),
(29, 'SpaCabinSessions'),
(30, 'spaCabins');

-- --------------------------------------------------------

--
-- Table structure for table `lng_text_english`
--

CREATE TABLE IF NOT EXISTS `lng_text_english` (
`english_label_id` int(11) NOT NULL,
  `module_id` int(11) NOT NULL,
  `english_lebel_text` varchar(40) NOT NULL,
  `label_meaning` varchar(50) DEFAULT NULL
) ENGINE=MyISAM AUTO_INCREMENT=388 DEFAULT CHARSET=utf8;

--
-- Dumping data for table `lng_text_english`
--

INSERT INTO `lng_text_english` (`english_label_id`, `module_id`, `english_lebel_text`, `label_meaning`) VALUES
(1, 1, 'Country Name', NULL),
(2, 1, 'Country', 'Country Id'),
(3, 1, 'Create Countries', NULL),
(4, 1, 'View Countries', NULL),
(5, 1, 'Update Countries', NULL),
(6, 1, 'Manage Countries', NULL),
(7, 2, 'Advanced Search', NULL),
(8, 2, 'Create', NULL),
(9, 2, 'Save', NULL),
(10, 1, 'List Countries', NULL),
(11, 1, 'Delete Countries', NULL),
(12, 2, 'Fields_Required', 'Indicates a mandatory field'),
(13, 3, 'Union', 'Union Id'),
(14, 3, 'Union Name', NULL),
(15, 3, 'Union Country', NULL),
(16, 3, 'Create Golf Union', NULL),
(17, 3, 'View Golf Union', NULL),
(18, 3, 'Update Golf Union', NULL),
(19, 3, 'Manage Golf Union', NULL),
(20, 3, 'List Golf Unions', NULL),
(21, 3, 'Delete Golf Union', NULL),
(22, 4, 'Golf Club Types', 'Golf Club Type Id'),
(23, 4, 'Golf Club Types Description', NULL),
(24, 4, 'Create Golf Club Types', NULL),
(25, 4, 'View Golf Club Types', NULL),
(26, 4, 'Update Golf Club Types', NULL),
(27, 4, 'Manage Golf Club Types', NULL),
(28, 4, 'List Golf Club Types', NULL),
(29, 4, 'Delete Golf Club Types', NULL),
(30, 5, 'Golf Clubs', NULL),
(31, 5, 'Golf Club Id', NULL),
(32, 5, 'Golf Club Name', NULL),
(33, 5, 'Address', NULL),
(34, 5, 'Description', NULL),
(35, 5, 'Date Founded', NULL),
(36, 5, 'No.Of Members', NULL),
(37, 5, 'Manager Name', NULL),
(38, 5, 'Director Name', NULL),
(39, 5, 'Professional', NULL),
(40, 5, 'Handicap Chairman', NULL),
(41, 5, 'Golf Union', NULL),
(42, 5, 'List Golf Clubs', NULL),
(43, 5, 'Create Golf Clubs', NULL),
(44, 5, 'Update Golf Clubs', NULL),
(45, 5, 'Delete Golf Clubs', NULL),
(46, 5, 'Manage Golf Clubs', NULL),
(47, 5, 'View Golf Clubs', NULL),
(48, 6, 'Golf Course', NULL),
(49, 6, 'Golf Course Name', NULL),
(50, 6, 'Date Built', NULL),
(51, 6, 'Architect Name', NULL),
(52, 6, 'Holes', NULL),
(53, 6, 'Description', NULL),
(54, 6, 'Club', NULL),
(55, 6, 'List Golf Courses', NULL),
(56, 6, 'View Golf Courses', NULL),
(57, 6, 'Create Golf Courses', NULL),
(58, 6, 'Update Golf Courses', NULL),
(59, 6, 'Manage Golf Courses', NULL),
(60, 6, 'Delete Golf Courses', NULL),
(65, 7, 'Member Id', NULL),
(66, 7, 'Member Title', NULL),
(64, 6, 'Golf Course Id', NULL),
(67, 7, 'First Name', NULL),
(68, 7, 'Last Name', NULL),
(69, 7, 'Nickname (First)', NULL),
(70, 7, 'Nickname (Last)', NULL),
(71, 7, 'Use Nickname', NULL),
(72, 2, 'Phone', NULL),
(73, 7, 'Marital Status', NULL),
(74, 7, 'Member Type', NULL),
(75, 7, 'Member Status', NULL),
(76, 7, 'Gender', NULL),
(77, 2, 'Address Line 1', NULL),
(78, 7, 'Nick Address', NULL),
(79, 7, 'Married', NULL),
(80, 7, 'Unmarried', NULL),
(81, 7, 'Date of Birth', NULL),
(82, 7, 'Members', NULL),
(83, 7, 'List Members', NULL),
(84, 7, 'Create Members', NULL),
(85, 7, 'Update Members', NULL),
(86, 7, 'Delete Members', NULL),
(87, 7, 'Manage Members', NULL),
(88, 7, 'View Members', NULL),
(89, 7, 'Assign To Clubs', NULL),
(90, 8, 'Member Club Ref', NULL),
(91, 8, 'Member', NULL),
(92, 8, 'Golf Club', NULL),
(93, 8, 'List Member Club Ref', NULL),
(94, 8, 'Create Member Club Ref', NULL),
(95, 8, 'Update Member Club Ref', NULL),
(96, 8, 'Delete Member Club Ref', NULL),
(97, 8, 'Manage Member Club Ref', NULL),
(98, 8, 'View Member Club Ref', NULL),
(99, 9, 'Golf Course Spec', NULL),
(100, 9, 'Golf Course', NULL),
(101, 9, 'Gender', NULL),
(102, 9, 'Description', NULL),
(103, 9, 'Nine Hole', NULL),
(104, 9, 'Temp Rating', NULL),
(105, 9, 'List Course Spec', NULL),
(106, 9, 'Create Course Spec', NULL),
(107, 9, 'Update Course Spec', NULL),
(108, 9, 'Delete Course Spec', NULL),
(109, 9, 'Manage Course Spec', NULL),
(110, 9, 'View Course Spec', NULL),
(111, 2, 'First 9', NULL),
(112, 2, 'Second 9', NULL),
(113, 2, 'All 18', NULL),
(114, 2, 'Rating', NULL),
(115, 2, 'Slope', NULL),
(116, 2, 'Hole', NULL),
(117, 2, 'Yardage', NULL),
(118, 2, 'Par', NULL),
(119, 2, 'Index', NULL),
(120, 2, 'In', NULL),
(121, 2, 'Out', NULL),
(122, 2, 'Total', NULL),
(123, 10, 'Member Id', NULL),
(124, 10, 'First Name', NULL),
(125, 10, 'Last Name', NULL),
(126, 10, 'Date of Birth', NULL),
(127, 10, 'Phone', NULL),
(128, 10, 'Add Scores', NULL),
(129, 10, 'Get Scores', NULL),
(130, 10, 'Members Of', NULL),
(131, 10, 'Members of all Clubs', NULL),
(132, 11, 'Create Member Scores', NULL),
(133, 11, 'Member', NULL),
(134, 11, 'Gender', NULL),
(135, 11, 'Golf Course', NULL),
(136, 11, 'Tees', NULL),
(137, 11, 'Added Date', NULL),
(138, 11, 'Tournament Name', NULL),
(139, 11, 'Gross', NULL),
(140, 11, 'Adjusted', NULL),
(141, 11, 'Holes Played', NULL),
(142, 11, 'List Scores', NULL),
(143, 11, 'Select Course', NULL),
(144, 11, 'Select Tees', NULL),
(145, 11, 'Get Scores', NULL),
(146, 11, 'Submit', NULL),
(147, 11, 'Handicap Differential', NULL),
(148, 11, 'Course Handicap', NULL),
(149, 12, 'Create User', NULL),
(150, 12, 'Update User', NULL),
(151, 12, 'List User', NULL),
(152, 12, 'View User', NULL),
(153, 12, 'Manage User', NULL),
(154, 12, 'Delete User', NULL),
(155, 12, 'Login Name', NULL),
(156, 12, 'First Name', NULL),
(157, 12, 'Family Name', NULL),
(158, 12, 'Golf Club', NULL),
(159, 12, 'Password', NULL),
(160, 12, 'Users', NULL),
(161, 12, 'User Id', NULL),
(162, 12, 'Golf Union', NULL),
(163, 12, 'Select Union', NULL),
(164, 12, 'Select Club', NULL),
(165, 13, 'Id', NULL),
(166, 13, 'Module', NULL),
(167, 13, 'Action', NULL),
(168, 13, 'Action Permissions', NULL),
(169, 13, 'List Action Permissions', NULL),
(170, 13, 'Create Action Permissions', NULL),
(171, 13, 'Update Action Permissions', NULL),
(172, 13, 'Delete Action Permissions', NULL),
(173, 13, 'Manage Action Permissions', NULL),
(174, 13, 'View Action Permissions', NULL),
(175, 14, 'User Manager', NULL),
(176, 19, 'Action Permissions', NULL),
(177, 19, 'List Roles', NULL),
(178, 19, 'Users', NULL),
(179, 19, 'Assign Roles', NULL),
(180, 15, 'Uid', NULL),
(181, 15, 'Rid', NULL),
(182, 15, 'User Role Ref', NULL),
(183, 15, 'List User Role Ref', NULL),
(184, 15, 'Create User Role Ref', NULL),
(185, 15, 'Update User Role Ref', NULL),
(186, 15, 'Delete User Role Ref', NULL),
(187, 15, 'Manage User Role Ref', NULL),
(188, 15, 'View User Role Ref', NULL),
(189, 15, 'flash_msg_cannot_assign_role', 'Cannot assign role. A role already exists for this'),
(190, 16, 'User Roles', NULL),
(191, 16, 'Submit', NULL),
(192, 16, 'flash_msg_data_saved', 'Data Saved'),
(193, 17, 'Login', NULL),
(194, 17, 'Username', NULL),
(195, 17, 'Password', NULL),
(196, 17, 'Remember_me', NULL),
(197, 17, 'Please_fill_out', 'Please fill out the following form with your login'),
(198, 17, 'welcome_message', 'Welcome to Quasar Golf'),
(199, 17, 'err_msg_uname_pword', 'Incorrect username or password'),
(200, 18, 'reserved', NULL),
(201, 18, 'Home', NULL),
(202, 18, 'User Manager', NULL),
(203, 18, 'Setup', NULL),
(204, 18, 'Logout', NULL),
(205, 19, 'Site Manager', NULL),
(206, 19, 'Countries', NULL),
(207, 19, 'Golf Unions', NULL),
(208, 19, 'Golf Club Types', NULL),
(209, 19, 'Golf Courses', NULL),
(210, 19, 'Members', NULL),
(211, 19, 'Course Spec', NULL),
(212, 19, 'Club Members', NULL),
(213, 19, 'Golf Clubs', NULL),
(214, 19, 'tip_countries', 'Manage Countries'),
(215, 19, 'tip_unions', 'Manage Golf Associations'),
(216, 19, 'tip_clubtypes', 'Manage Golf Club Types'),
(217, 19, 'tip_golfclubs', 'Manage Golf Clubs'),
(218, 19, 'tip_courses', 'Manage Golf Courses'),
(219, 19, 'tip_members', 'Manage All Members'),
(220, 19, 'tip_coursespec', 'Manage Golf Course Specifications'),
(221, 19, 'tip_clubmembers', 'Manage Languages'),
(222, 19, 'Language Manager', NULL),
(223, 2, 'Address Line 2', NULL),
(224, 2, 'City', NULL),
(225, 2, 'State_province', 'State/Province'),
(226, 2, 'Postal Code', NULL),
(227, 2, 'Country', NULL),
(228, 7, 'Mobile Phone', NULL),
(229, 7, 'Association Member Id', NULL),
(230, 7, 'Main Address', NULL),
(231, 7, 'Name Display Format', NULL),
(232, 7, 'Country Code', NULL),
(233, 2, 'Email', NULL),
(234, 2, 'Fax Number', NULL),
(235, 2, 'Web', NULL),
(236, 2, 'Facebook', NULL),
(237, 2, 'Twitter', NULL),
(238, 2, 'Weibo', NULL),
(239, 2, 'QQ', NULL),
(240, 2, 'Linkedin', NULL),
(241, 2, 'Phone', NULL),
(242, 5, 'Golf Club Number', NULL),
(243, 9, 'Golf Club name', NULL),
(244, 9, 'Golf Course Name', NULL),
(245, 2, 'Cancel', 'Back'),
(246, 2, 'tip_cancel', 'Cancel'),
(247, 5, 'Abbreviated Name', NULL),
(248, 2, 'Status', NULL),
(249, 2, 'Lattitude', NULL),
(250, 2, 'Longitude', NULL),
(251, 19, 'Member Manager', NULL),
(252, 19, 'Reports', NULL),
(253, 19, 'Golf Utilities', NULL),
(254, 19, 'Configuration Utilities', NULL),
(255, 19, 'User Manager', NULL),
(256, 11, 'Golf Club', NULL),
(257, 11, 'Used In Handicap', NULL),
(258, 11, 'Tournament Score', NULL),
(259, 17, 'Account Login', NULL),
(260, 20, 'Heading', 'Label Text Language Manager'),
(261, 20, 'Module', NULL),
(262, 20, 'Language', NULL),
(263, 20, 'Submit', NULL),
(264, 20, 'Label', NULL),
(265, 20, 'Translation', NULL),
(266, 20, 'Actual Text', 'Label Actual Text'),
(267, 1, 'Countries', NULL),
(268, 3, 'Associations', NULL),
(269, 4, 'Golf Club Type Id', NULL),
(270, 11, 'Sun', 'Sunday'),
(271, 11, 'Mon', 'Monday'),
(272, 11, 'Tue', 'Tuesday'),
(273, 11, 'Wed', 'Wednesday'),
(274, 11, 'Thu', 'Thursday'),
(275, 11, 'Fri', 'Friday'),
(276, 11, 'Sat', 'Saturday'),
(277, 21, 'Golf Club', NULL),
(278, 21, 'Language Code', NULL),
(279, 21, 'Create_Club_Profile', 'Create Club Profile'),
(280, 21, 'Update_Club_Profile', 'Update Club Profile'),
(281, 21, 'View_Club_Profile', 'View Club Profile'),
(282, 21, 'Club_Language_Profiles', 'Golf Club Multi-language Profiles'),
(283, 21, 'List_Club_Profile', 'List Club Profile'),
(284, 21, 'Create_Multilang_Profile', 'Create Multi-Language Profile'),
(285, 21, 'View_Multilang_Profile', 'View Multi-Language Profile'),
(286, 21, 'Update_Multilang_Profile', 'Update Multi-Language Profile'),
(287, 21, 'Delete_Club_Profile', 'Delete Club Profile'),
(288, 21, 'Language Name', NULL),
(289, 21, 'Club Name', NULL),
(290, 21, 'Description', NULL),
(291, 22, 'Language Name', NULL),
(292, 22, 'Course Name', NULL),
(293, 22, 'Course Description', NULL),
(294, 22, 'Language Code', NULL),
(295, 22, 'Create_Course_Profile', 'Create Golf Course Profile'),
(296, 22, 'Update_Course_Profile', 'Update Course Profile'),
(297, 22, 'View_Course_Profile', 'View Golf Course Profile'),
(298, 22, 'Delete_Course_Profile', 'Delete Course Profile'),
(299, 22, 'List_Course_Profile', 'List Course Profile'),
(300, 22, 'Course_Language_Profiles', 'Course Multi-Language Profiles'),
(301, 22, 'Create_Multilang_Profile', 'Create Multi-Language_Profile'),
(302, 22, 'View_Multilang_Profile', 'View Multi-Language_Profile'),
(303, 22, 'Update_Multilang_Profile', 'Update_Multi-Language Profile'),
(304, 5, 'Language Profiles', NULL),
(305, 6, 'Language Profiles', NULL),
(306, 2, 'Wechat', NULL),
(307, 7, 'Nationality', NULL),
(308, 7, 'Preffered Language', NULL),
(309, 1, 'Country Phone Code', NULL),
(310, 1, 'Country Alpha3 Code', NULL),
(311, 1, 'Country Ico Code', NULL),
(312, 7, 'Profile Image', NULL),
(313, 2, 'Male', NULL),
(314, 2, 'Female', NULL),
(315, 23, 'Golf Club', NULL),
(316, 23, 'Date Format', NULL),
(317, 23, 'Member_Name_Editable', 'Allow Modifiying Member Name Display Format'),
(318, 23, 'Club Logo', NULL),
(319, 23, 'Site Configuration', NULL),
(320, 19, 'Site Configuration', NULL),
(321, 23, 'File Dimensions', 'Logo Size: 90 X 200 (pixels), Type: JPG'),
(322, 19, 'tip_siteconfig', 'Site Configuration'),
(323, 24, 'States Provinces', NULL),
(324, 24, 'State Province Name', NULL),
(325, 24, 'State Province Code', NULL),
(326, 24, 'State Province Id', NULL),
(327, 24, 'Update State Province', NULL),
(328, 24, 'Create State Province', NULL),
(329, 24, 'View State Province', NULL),
(330, 24, 'List State Province', NULL),
(331, 24, 'Delete State Province', NULL),
(332, 19, 'States Provinces', NULL),
(333, 19, 'tip_stateprovince', 'Manage States/Provinces'),
(334, 5, 'Must_be_number', 'Must be a number'),
(335, 23, 'Default_State_Country', 'Default State And Country'),
(336, 10, 'Club Members', NULL),
(337, 25, 'tab_club_members', 'Club Members'),
(338, 25, 'tab_members', 'Members'),
(339, 25, 'tab_association', 'Association'),
(340, 25, 'tab_club_types', 'Golf Club Types'),
(341, 25, 'tab_clubs', 'Golf Clubs'),
(342, 25, 'tab_courses', 'Golf Courses'),
(343, 25, 'tab_tees', 'Tees'),
(344, 2, 'Update', NULL),
(345, 25, 'tab_countries', 'Countries'),
(346, 25, 'tab_state_province', 'States/Provinces'),
(347, 25, 'tab_siteconfig', 'Site Configuration'),
(348, 25, 'tab_languagemanager', 'Language Manager'),
(349, 16, 'role_name', 'User Role Name'),
(350, 25, 'tab_userroles', 'User Roles'),
(351, 25, 'tab_users', 'Users'),
(352, 25, 'tab_usrrolerefs', 'User Role Refs'),
(353, 26, 'employee_designation', 'Employee Designation'),
(354, 26, 'employee_department', 'Employee Department'),
(355, 26, 'employee_number', 'Employee Number'),
(356, 26, 'employee_hire_date', 'Hire Date'),
(357, 27, 'Department Name', NULL),
(358, 25, 'tab_employees', 'Employees'),
(359, 25, 'tab_departments', 'Departments'),
(360, 2, 'List', NULL),
(361, 2, 'Delete', NULL),
(362, 2, 'Date', NULL),
(363, 28, 'Thearapists', NULL),
(364, 28, 'Book Now', NULL),
(365, 28, 'Confirm', NULL),
(366, 28, 'Booking Details', NULL),
(367, 28, 'Available', NULL),
(368, 28, 'Booked', NULL),
(369, 29, 'Cabin Session', NULL),
(370, 29, 'Start Time', NULL),
(371, 29, 'End Time', NULL),
(372, 29, 'Check Availability', NULL),
(373, 30, 'Cabin Name', NULL),
(374, 25, 'tab_cabinbooking', 'Cabin Bookings'),
(375, 25, 'tab_cabinsession', 'Cabin Sessions'),
(376, 25, 'tab_cabins', 'Cabins'),
(377, 28, 'Caddy', NULL),
(378, 25, 'tab_caddybooking', 'Caddy Bookings'),
(379, 28, 'Time Slot', NULL),
(380, 18, 'level1menu_Employee_Manager', 'Employee Manager'),
(381, 18, 'level1menu_Spa_Manager', 'Spa Manager'),
(382, 18, 'level1menu_Caddy_Manager', 'Caddy Manager'),
(383, 18, 'level1menu_Configuration_Utils', 'Configuration Utilities'),
(384, 18, 'level1menu_User_Manager', 'User Manager'),
(385, 18, 'level1menu_Member_Manager', 'Member Manager'),
(386, 18, 'level1menu_Reports', 'Reports'),
(387, 18, 'level1menu_Golf_Utils', 'Golf Utilities');

-- --------------------------------------------------------

--
-- Table structure for table `lng_text_translated`
--

CREATE TABLE IF NOT EXISTS `lng_text_translated` (
`translated_label_id` int(11) NOT NULL,
  `language_code` varchar(10) CHARACTER SET utf8 COLLATE utf8_bin NOT NULL,
  `english_label_id` int(11) NOT NULL,
  `translated_label_text` varchar(100) CHARACTER SET utf8 COLLATE utf8_bin NOT NULL
) ENGINE=MyISAM AUTO_INCREMENT=3111 DEFAULT CHARSET=utf8;

--
-- Dumping data for table `lng_text_translated`
--

INSERT INTO `lng_text_translated` (`translated_label_id`, `language_code`, `english_label_id`, `translated_label_text`) VALUES
(1, 'fr', 1, 'Nom du Pays'),
(4, 'fr', 3, 'Créer Pays'),
(3, 'fr', 2, 'Identifiant du pays'),
(5, 'fr', 4, 'Voir le Pays'),
(6, 'fr', 5, 'Mettre à jour les Pays'),
(7, 'fr', 6, 'Gérer Pays'),
(8, 'fr', 7, 'Recherche Avancée'),
(9, 'fr', 8, 'Créer'),
(10, 'fr', 9, 'Sauvegarder'),
(11, 'fr', 10, 'Liste des Pays'),
(12, 'fr', 11, 'Supprimer Pays'),
(13, 'fr', 12, 'Indique un champ obligatoire'),
(14, 'fr', 13, 'Identifiant association'),
(15, 'fr', 14, 'Association Nom'),
(16, 'fr', 15, 'Association Pays'),
(17, 'fr', 16, 'Créer Association Golf'),
(18, 'fr', 17, 'Voir Association Golf'),
(19, 'fr', 18, 'Association jour Golf'),
(20, 'fr', 19, 'Gérer Association Golf'),
(21, 'fr', 20, 'Liste des Association de Golf'),
(22, 'fr', 21, 'Supprimer Association de Golf'),
(23, 'fr', 22, 'Types de bâtons de Golf'),
(24, 'fr', 23, 'Golf Club de types Description'),
(25, 'fr', 24, 'Créer des types de clubs'),
(26, 'fr', 25, 'Afficher les types de clubs'),
(27, 'fr', 26, 'Mettre à jour les types de clubs'),
(28, 'fr', 27, 'Gérer les types de clubs'),
(29, 'fr', 28, 'Types de clubs de liste'),
(30, 'fr', 29, 'Supprimer le type de club'),
(31, 'fr', 30, 'Clubs de golf'),
(32, 'fr', 31, 'Club de golf Identifiant'),
(33, 'fr', 32, 'Club de golf Nom'),
(34, 'fr', 33, 'Adresse'),
(35, 'fr', 34, 'Description'),
(36, 'fr', 35, 'Date de fondation'),
(37, 'fr', 36, 'Nombre de membres'),
(38, 'fr', 37, 'Nom du gestionnaire'),
(39, 'fr', 38, 'Nom du directeur'),
(40, 'fr', 39, 'Professionnel'),
(41, 'fr', 40, 'Président de Handicap'),
(42, 'fr', 41, 'Union Golf'),
(43, 'fr', 42, 'Liste des clubs de golf'),
(44, 'fr', 43, 'Créer des clubs de golf'),
(45, 'fr', 44, 'Mise à jour des clubs de golf'),
(46, 'fr', 45, 'Supprimer les clubs de golf'),
(47, 'fr', 46, 'Gérer les clubs de golf'),
(48, 'fr', 47, 'Voir les clubs de golf'),
(49, 'fr', 48, 'Cours de golf'),
(50, 'fr', 49, 'Nom du terrain de golf'),
(51, 'fr', 50, 'La date de construction'),
(52, 'fr', 51, 'Nom d''architecte'),
(53, 'fr', 52, 'Trous'),
(54, 'fr', 53, 'Description'),
(55, 'fr', 54, 'Club de golf'),
(56, 'fr', 55, 'Liste des golfs'),
(57, 'fr', 56, 'Voir les terrains de golf'),
(58, 'fr', 57, 'Créer des terrains de golf'),
(59, 'fr', 58, 'Mettre à jour les terrains de golf'),
(60, 'fr', 59, 'Gérer les terrains de golf'),
(61, 'fr', 60, 'supprimer les terrains de golf'),
(66, 'fr', 65, 'Identifiant membre'),
(67, 'fr', 66, 'Titre du membre'),
(65, 'fr', 64, 'Identité'),
(68, 'fr', 67, 'Prénom'),
(69, 'fr', 68, 'Nom de famille'),
(70, 'fr', 69, 'Pseudo (prénom)'),
(71, 'fr', 70, 'Pseudo (nom)'),
(72, 'fr', 71, 'Utiliser surnom'),
(73, 'fr', 72, 'Téléphone'),
(74, 'fr', 73, 'État civil'),
(75, 'fr', 74, 'Type de membre'),
(76, 'fr', 75, 'Statut du membre'),
(77, 'fr', 76, 'Sexe'),
(78, 'fr', 77, 'Adresse ligne 1'),
(79, 'fr', 78, 'Autre adresse'),
(80, 'fr', 79, 'Marié'),
(81, 'fr', 80, 'Célibataire'),
(82, 'fr', 81, 'Date de naissance'),
(83, 'fr', 82, 'Membres'),
(84, 'fr', 83, 'Membres de la liste'),
(85, 'fr', 84, 'Créer des membres'),
(86, 'fr', 85, 'Mettre à jour les membres'),
(87, 'fr', 86, 'Supprimer des membres'),
(88, 'fr', 87, 'Gérer les membres'),
(89, 'fr', 88, 'Voir les membres'),
(90, 'fr', 89, 'Attribuer aux clubs'),
(91, 'fr', 90, 'Références de club de membres'),
(92, 'fr', 91, 'Membres'),
(93, 'fr', 92, 'Club de golf'),
(94, 'fr', 93, 'Liste de référence Membre du Club'),
(95, 'fr', 94, 'Créer référence de club membre'),
(96, 'fr', 95, 'Mise à jour des référence Membre du Club'),
(97, 'fr', 96, 'Supprimer la référence club membre'),
(98, 'fr', 97, 'Gérer référence de club membre'),
(99, 'fr', 98, 'Voir référence club membre'),
(100, 'fr', 99, 'Spécification de golf'),
(101, 'fr', 100, 'Cours de golf'),
(102, 'fr', 101, 'Sexe'),
(103, 'fr', 102, 'Description'),
(104, 'fr', 103, 'Neuf trous'),
(105, 'fr', 104, 'Evaluation provisoire'),
(106, 'fr', 105, 'Spécification de cours List'),
(107, 'fr', 106, 'Créer une spécification de parcours'),
(108, 'fr', 107, 'Mettre à jour la spécification de parcours'),
(109, 'fr', 108, 'Supprimer la spécification de parcours'),
(110, 'fr', 109, 'Gérer la spécification de parcous'),
(111, 'fr', 110, 'Voir les spécifications du parcours'),
(112, 'fr', 111, 'Premiers 9'),
(113, 'fr', 112, 'Deuxième 9'),
(114, 'fr', 113, 'Tous les 18'),
(115, 'fr', 114, 'Classement'),
(116, 'fr', 115, 'Pente'),
(117, 'fr', 116, 'Trou'),
(118, 'fr', 117, 'Métrage'),
(119, 'fr', 118, 'Par'),
(120, 'fr', 119, 'Index'),
(121, 'fr', 120, 'En'),
(122, 'fr', 121, 'Sur'),
(123, 'fr', 122, 'Totale'),
(124, 'fr', 123, 'Identité'),
(125, 'fr', 124, 'Prénom'),
(126, 'fr', 125, 'Nom de famille'),
(127, 'fr', 126, 'Date de naissance'),
(128, 'fr', 127, 'Téléphone'),
(129, 'fr', 128, 'Ajouter score'),
(130, 'fr', 129, 'Obtenez scores'),
(131, 'fr', 130, 'Les membres du'),
(132, 'fr', 131, 'Les membres de tous les clubs'),
(133, 'fr', 132, 'Créer Scores membres'),
(134, 'fr', 133, 'Membre'),
(135, 'fr', 134, 'Sexe'),
(136, 'fr', 135, 'Cours de golf'),
(137, 'fr', 136, 'tees'),
(138, 'fr', 137, 'Date d''ajout'),
(139, 'fr', 138, 'Nom du Tournoi'),
(140, 'fr', 139, 'Brut'),
(141, 'fr', 140, 'Ajustées'),
(142, 'fr', 141, 'Trous joués'),
(143, 'fr', 142, 'Liste scores'),
(144, 'fr', 143, 'Sélectionnez cours'),
(145, 'fr', 144, 'Sélectionnez tees'),
(146, 'fr', 145, 'Obtenir des scores'),
(147, 'fr', 146, 'Soumettre'),
(148, 'fr', 147, 'Différentiel de handicap'),
(149, 'fr', 148, 'Handicap de cours'),
(150, 'fr', 149, 'Créer utilisateur'),
(151, 'fr', 150, 'Mettre à jour l''utilisateur'),
(152, 'fr', 151, 'Liste des membres'),
(153, 'fr', 152, 'Voir le membre'),
(154, 'fr', 153, 'Gérer utilisateur'),
(155, 'fr', 154, 'Supprimer l''utilisateur'),
(156, 'fr', 155, 'Nom d''utilisateur'),
(157, 'fr', 156, 'Prénom'),
(158, 'fr', 157, 'Nom de famille'),
(159, 'fr', 158, 'Club de golf'),
(160, 'fr', 159, 'Mot de passe'),
(161, 'fr', 160, 'Utilisateurs'),
(162, 'fr', 161, 'Identifiant'),
(163, 'fr', 162, 'Association de Golf'),
(164, 'fr', 163, 'Sélectionner une Association de Golf'),
(165, 'fr', 164, 'Sélectionner un Club de Golf'),
(166, 'fr', 165, 'Identifiant'),
(167, 'fr', 166, 'module'),
(168, 'fr', 167, 'l''action'),
(169, 'fr', 168, 'Des autorisations d''actions'),
(170, 'fr', 169, 'Liste des autorisations d''action'),
(171, 'fr', 170, 'Créer des autorisations d''action'),
(172, 'fr', 171, 'Mettre à jour les permissions d''action'),
(173, 'fr', 172, 'Supprimer les autorisations d''action'),
(174, 'fr', 173, 'Gérer les autorisations d''action'),
(175, 'fr', 174, 'Afficher les autorisations d''action'),
(176, 'fr', 175, 'Gestionnaire des utilisateurs'),
(177, 'fr', 176, 'Des autorisations d''actions'),
(178, 'fr', 177, 'Lister les rôles'),
(179, 'fr', 178, 'Utilisateurs'),
(180, 'fr', 179, 'Attribuer des rôles'),
(181, 'fr', 180, 'Id de l''utilisateur'),
(182, 'fr', 181, 'Identifiant du rôle'),
(183, 'fr', 182, 'Référence au rôle de l''utilisateur'),
(184, 'fr', 183, 'La liste des utilisateurs référence de rôle'),
(185, 'fr', 184, 'Créer une référence au rôle de l''utilisateur'),
(186, 'fr', 185, 'Mise à jour référence au rôle de l''utilisateur'),
(187, 'fr', 186, 'Supprimer'),
(188, 'fr', 187, 'Gérer référence au rôle de l''utilisateur'),
(189, 'fr', 188, 'Voir référence au rôle de l''utilisateur'),
(190, 'fr', 189, 'Impossible d''assigner le rôle. Un rôle existe déjà pour cet utilisateur'),
(191, 'fr', 190, 'Rôles de l''utilisateur'),
(192, 'fr', 191, 'Soumettre'),
(193, 'fr', 192, 'Les données sauvegardées'),
(194, 'fr', 193, 'Connexion'),
(195, 'fr', 194, 'Nom d''utilisateur'),
(196, 'fr', 195, 'Mot de passe'),
(197, 'fr', 196, 'Se souvenir de moi la prochaine fois'),
(198, 'fr', 197, 'S''il vous plaît remplir le formulaire ci-dessous avec vos identifiants de connexion'),
(199, 'fr', 198, 'Bienvenue à Quasar Golf Handicap application'),
(200, 'fr', 199, 'Nom d''utilisateur ou mot de passe incorrect'),
(201, 'fr', 200, 'rsvd'),
(202, 'fr', 201, 'Maison'),
(203, 'fr', 202, 'Gestionnaire des utilisateurs'),
(204, 'fr', 203, 'Configuration'),
(205, 'fr', 204, 'Déconnexion'),
(206, 'fr', 205, 'Gestionnaire de site'),
(207, 'fr', 206, 'Pays'),
(208, 'fr', 207, 'Les syndicats de golf'),
(209, 'fr', 208, 'Types de clubs'),
(210, 'fr', 209, 'Parcours de golf'),
(211, 'fr', 210, 'Membres'),
(212, 'fr', 211, 'Spécification de cours'),
(213, 'fr', 212, 'Les membres du club'),
(214, 'fr', 213, 'Clubs de golf'),
(215, 'fr', 214, 'Gérer les pays'),
(216, 'fr', 215, 'Gérer syndicats de golf'),
(217, 'fr', 216, 'Gérer les types de clubs de golf'),
(218, 'fr', 217, 'Gérer les clubs de golf'),
(219, 'fr', 218, 'Gérer les terrains de golf'),
(220, 'fr', 219, 'Gérer les membres'),
(221, 'fr', 220, 'Gérer les spécifications de terrains de golf'),
(222, 'fr', 221, 'Gérer les membres du Club'),
(223, 'fr', 222, 'Gestionnaire de Langue'),
(224, 'fr', 223, 'Adresse ligne 2'),
(225, 'fr', 224, 'Ville'),
(226, 'fr', 225, 'Etat / province'),
(227, 'fr', 226, 'Code postal'),
(228, 'fr', 227, 'Pays'),
(229, 'fr', 228, 'Numéro de téléphone mobile'),
(230, 'fr', 229, 'Identifiant membre de l''association'),
(231, 'fr', 230, 'Adresse principale'),
(232, 'zh_cn', 1, '国家名称'),
(233, 'zh_cn', 2, '国家号'),
(234, 'zh_cn', 8, '创建'),
(235, 'zh_cn', 34, '描述'),
(236, 'zh_cn', 67, '名'),
(237, 'zh_cn', 77, '地址行 1'),
(238, 'zh_cn', 81, '出生日期'),
(239, 'zh_cn', 101, '性别'),
(240, 'zh_cn', 124, '名'),
(241, 'zh_cn', 158, '高尔夫俱乐部'),
(242, 'zh_cn', 167, '作用'),
(243, 'zh_cn', 223, '地址行 2'),
(244, 'zh_cn', 224, '城市'),
(245, 'zh_cn', 227, '国家'),
(246, 'zh_cn', 230, '地址'),
(247, 'zh_cn', 48, '高尔夫球场号'),
(248, 'zh_cn', 52, '球洞'),
(249, 'zh_cn', 53, '描述'),
(250, 'zh_cn', 68, '姓'),
(251, 'zh_cn', 100, '高尔夫球场'),
(252, 'zh_cn', 125, '姓'),
(253, 'zh_cn', 135, '高尔夫球场'),
(254, 'zh_cn', 193, '登录'),
(255, 'zh_cn', 204, '退出'),
(256, 'zh_cn', 210, '会员'),
(257, 'zh_cn', 74, '会员类别'),
(258, 'zh_cn', 82, '会员'),
(259, 'zh_cn', 91, '会员'),
(260, 'zh_cn', 228, '手机号码'),
(261, 'zh_cn', 103, '9洞'),
(262, 'zh_cn', 118, '标准杆'),
(263, 'zh_cn', 159, '密码'),
(264, 'zh_cn', 195, '密码'),
(265, 'zh_cn', 72, '电话'),
(266, 'zh_cn', 127, '电话'),
(267, 'zh_cn', 226, '邮政编码'),
(268, 'zh_cn', 9, '保存'),
(269, 'zh_cn', 164, '选择俱乐部'),
(270, 'zh_cn', 203, '安装'),
(271, 'zh_cn', 225, '状态'),
(272, 'zh_cn', 122, '总'),
(273, 'zh_cn', 175, '客户经理'),
(274, 'zh_cn', 194, '用户名'),
(275, 'zh_cn', 202, '用户管理器'),
(276, 'zh_cn', 160, '用户'),
(277, 'zh_cn', 178, '用户'),
(278, 'zh_cn', 117, '总长'),
(279, 'zh_cn', 156, '名'),
(280, 'zh_cn', 157, '姓'),
(281, 'zh_cn', 66, '会员称呼'),
(282, 'zh_cn', 76, '性别'),
(283, 'zh_cn', 126, '出生日期'),
(284, 'zh_cn', 134, '性别'),
(285, 'fr', 232, 'Indicatif du pays'),
(286, 'fr', 231, 'Format d''affichage du nom '),
(287, 'fr', 233, 'email'),
(288, 'fr', 234, 'Numéro de fax'),
(289, 'fr', 235, 'Adresse web'),
(290, 'fr', 236, 'Facebook'),
(291, 'fr', 237, 'Twitter'),
(292, 'fr', 238, 'Weibo'),
(293, 'fr', 239, 'qq'),
(294, 'fr', 240, 'LinkedIn'),
(295, 'fr', 241, 'téléphone'),
(296, 'fr', 242, 'Golf Numéro du club'),
(297, 'fr', 243, 'Nom du club '),
(298, 'fr', 244, 'Nom du parcours'),
(299, 'fr', 245, 'Résilier'),
(300, 'fr', 246, 'Annuler ce formulaire'),
(301, 'fr', 247, 'Nom abrégé'),
(302, 'fr', 248, 'Statut'),
(303, 'fr', 249, 'Latitude'),
(304, 'fr', 250, 'Longitude'),
(305, 'fr', 251, 'Gestionnaire de membres'),
(306, 'fr', 252, 'Rapports'),
(307, 'fr', 253, 'Golf utilitaires'),
(308, 'fr', 254, 'Utilitaires de configuration'),
(309, 'fr', 255, 'Gestionnaire de l''utilisateur'),
(310, 'vi', 1, 'Tên quốc gia'),
(311, 'vi', 2, 'Quốc gia'),
(312, 'vi', 3, 'Tạo Quốc gia'),
(313, 'vi', 4, 'Xem Quốc gia'),
(314, 'vi', 5, 'Cập nhật Quốc gia'),
(315, 'vi', 6, 'Quản lý Quốc gia'),
(316, 'vi', 10, 'Liệt kê Quốc gia'),
(317, 'vi', 11, 'Tạo Quốc gia'),
(318, 'zh_tr', 1, '國名'),
(319, 'zh_tr', 2, '國家'),
(320, 'vi', 66, 'Danh xưng Hội viên'),
(321, 'vi', 76, 'Giới tính'),
(322, 'vi', 81, 'Ngày sinh'),
(323, 'vi', 101, 'Giới tính'),
(324, 'vi', 134, 'Giới tính'),
(325, 'vi', 126, 'Ngày sinh'),
(326, 'vi', 224, 'Thành phố'),
(327, 'vi', 225, 'Tỉnh'),
(328, 'vi', 226, 'Mã bưu điện'),
(329, 'vi', 227, 'Quốc gia'),
(330, 'vi', 193, 'Đăng nhập'),
(331, 'vi', 195, 'Mật khẩu'),
(332, 'zh_cn', 12, '表示必填字段'),
(333, 'zh_tr', 33, '地址'),
(334, 'zh_tr', 77, '地址一'),
(335, 'zh_tr', 167, '作用'),
(336, 'zh_tr', 223, '地址二'),
(337, 'zh_tr', 8, '創建'),
(338, 'zh_tr', 34, '描述'),
(339, 'zh_tr', 53, '描述'),
(340, 'zh_tr', 81, '出生日期'),
(341, 'zh_tr', 92, '高爾夫球俱樂部'),
(342, 'zh_tr', 102, '描述'),
(343, 'zh_tr', 126, '出生日期'),
(344, 'zh_tr', 156, '名字'),
(345, 'zh_tr', 157, '姓氏'),
(346, 'zh_tr', 224, '城市'),
(347, 'zh_tr', 227, '國家'),
(348, 'zh_tr', 67, '名字'),
(349, 'zh_tr', 124, '名字'),
(350, 'zh_tr', 134, '性別'),
(351, 'zh_tr', 76, '性別'),
(352, 'zh_tr', 100, '高爾夫球場'),
(353, 'zh_tr', 101, '性別'),
(354, 'zh_tr', 135, '高爾夫球場'),
(355, 'zh_tr', 48, '高爾夫球場'),
(356, 'zh_tr', 68, '姓氏'),
(357, 'zh_tr', 116, '球洞'),
(358, 'zh_tr', 125, '姓氏'),
(359, 'zh_tr', 193, '登陸'),
(360, 'zh_tr', 91, '會員'),
(361, 'zh_tr', 133, '會員'),
(362, 'zh_tr', 204, '登出'),
(363, 'zh_tr', 74, '會員類型'),
(364, 'zh_tr', 82, '會員'),
(365, 'zh_tr', 210, '會員'),
(366, 'zh_tr', 228, '手機號碼'),
(367, 'zh_tr', 103, '9洞'),
(368, 'zh_tr', 118, '平標準桿'),
(369, 'zh_tr', 159, '密碼'),
(370, 'zh_tr', 195, '密碼'),
(371, 'zh_tr', 241, '電話'),
(372, 'zh_tr', 9, '儲存'),
(373, 'zh_tr', 72, '電話'),
(374, 'zh_tr', 164, '選擇俱樂部'),
(375, 'zh_tr', 203, '設定'),
(376, 'zh_tr', 225, '狀態'),
(377, 'zh_tr', 226, '郵遞區號'),
(378, 'zh_tr', 122, '總'),
(379, 'zh_tr', 175, '客戶經理'),
(380, 'zh_tr', 202, '使用者管理器'),
(381, 'zh_tr', 160, '使用者'),
(382, 'zh_tr', 194, '用戶名'),
(383, 'zh_tr', 178, '用戶'),
(384, 'zh_tr', 117, '碼數'),
(385, 'zh_cn', 33, '地址'),
(386, 'ja', 2, '国名'),
(387, 'ja', 33, '住所'),
(388, 'ja', 54, 'クラブ'),
(389, 'ja', 77, '住所1'),
(390, 'ja', 223, '住所2'),
(391, 'ja', 224, '市区町村'),
(392, 'ja', 227, '国'),
(393, 'ja', 8, '作成'),
(394, 'ja', 34, '説明'),
(395, 'ja', 102, '説明'),
(396, 'ja', 53, '説明'),
(397, 'ja', 76, '内容'),
(398, 'ja', 101, '性別'),
(399, 'ja', 125, '姓'),
(400, 'ja', 134, '性別'),
(401, 'ja', 68, '姓'),
(402, 'ja', 193, 'ログイン'),
(403, 'ja', 159, 'パスワード'),
(404, 'ja', 195, 'パスワード'),
(405, 'ja', 72, ' 電話番号'),
(406, 'ja', 72, '電話'),
(407, 'ja', 127, '電話'),
(408, 'ja', 72, '電話'),
(409, 'ja', 226, '郵便番号'),
(410, 'ja', 127, '電話'),
(411, 'ja', 226, '郵便番号'),
(412, 'ja', 127, '電話'),
(413, 'ja', 226, '郵便番号'),
(414, 'ja', 9, '保存'),
(415, 'ja', 241, '電話'),
(416, 'ja', 122, '合計'),
(417, 'ja', 117, '距離'),
(418, 'ja', 160, 'ユーザー'),
(419, 'ja', 178, 'ユーザー'),
(420, 'ja', 194, 'ユーザー名'),
(421, 'ja', 67, '名'),
(422, 'ja', 74, '会員種別'),
(423, 'ja', 124, '名'),
(424, 'ja', 228, '携帯電話番号'),
(425, 'ja', 30, 'ゴルフクラブ'),
(426, 'ja', 32, 'ゴルフクラブ名'),
(427, 'ja', 48, 'ゴルフ コース'),
(428, 'ja', 49, 'ゴルフ コース名'),
(429, 'ja', 66, '会員の肩書き'),
(430, 'ja', 92, 'ゴルフ クラブ'),
(431, 'ja', 100, 'ゴルフ コース'),
(432, 'ja', 156, '名'),
(433, 'ja', 157, '姓'),
(434, 'ja', 158, 'ゴルフ クラブ'),
(435, 'ja', 209, 'ゴルフ コース'),
(436, 'ja', 243, 'ゴルフクラブ名'),
(437, 'ja', 244, 'ゴルフコース名'),
(438, 'ja', 245, 'キャンセル'),
(439, 'ja', 126, '生年月日'),
(440, 'ja', 233, 'メールアドレス'),
(441, 'ja', 81, '生年月日'),
(442, 'ja', 249, '緯度'),
(443, 'ja', 250, '経度'),
(444, 'ja', 118, 'パー'),
(445, 'ja', 120, 'イン'),
(446, 'ja', 121, 'アウト'),
(447, 'ja', 111, 'フロント９'),
(448, 'ja', 112, 'バック９'),
(449, 'ja', 113, '18ホール'),
(450, 'ja', 1, '国'),
(451, 'ja', 10, '国を一覧表示'),
(452, 'ja', 42, 'ゴルフ クラブを一覧表示'),
(453, 'ja', 55, 'ゴルフ コースを一覧表示'),
(454, 'ja', 116, '番ホール'),
(455, 'ja', 248, 'ステータス'),
(456, 'ja', 225, '州'),
(457, 'ja', 82, '会員'),
(458, 'ja', 83, '会員を一覧表示'),
(459, 'ja', 133, '会員'),
(460, 'ja', 210, '会員'),
(461, 'fr', 259, 'Connexion au compte'),
(462, 'fr', 261, 'Nom du module'),
(463, 'fr', 262, 'Langue'),
(464, 'fr', 260, 'Texte de l''étiquette Manager Langue'),
(465, 'fr', 263, 'Soumettre'),
(466, 'fr', 264, 'étiquette'),
(467, 'fr', 265, 'traduction'),
(468, 'fr', 266, 'étiquette texte réel'),
(469, 'fr', 267, 'Pays'),
(470, 'fr', 268, 'Associations'),
(471, 'fr', 269, 'Types de bâtons de Golf Identifiant'),
(472, 'fr', 270, 'Dimanche'),
(473, 'fr', 271, 'Lundi'),
(474, 'fr', 272, 'Mardi'),
(475, 'fr', 273, 'Mercredi'),
(476, 'fr', 274, 'Jeudi'),
(477, 'fr', 275, 'Vendredi'),
(478, 'fr', 276, 'Samedi'),
(479, 'fr', 277, 'Club de golf'),
(480, 'fr', 278, 'Code de langue'),
(481, 'fr', 279, 'Créer un profil de club'),
(482, 'fr', 280, 'Mise à jour Club profile'),
(483, 'fr', 281, 'Voir le profil Club'),
(484, 'fr', 282, 'Club de golf profil de multi-langue'),
(485, 'fr', 283, 'Liste profil du club'),
(486, 'fr', 284, 'Créer un profil multi-langues'),
(487, 'fr', 285, 'Voir le profil multi-langues'),
(488, 'fr', 286, 'Mise à jour d''un profil multi-langues'),
(489, 'fr', 287, 'Supprimer le profil du club'),
(490, 'fr', 288, 'Nom de la langue'),
(491, 'fr', 289, 'Nom de la club'),
(492, 'fr', 290, 'description'),
(493, 'fr', 291, 'Nom de la langue'),
(494, 'fr', 292, 'Nom du cours'),
(495, 'fr', 293, 'description du cours'),
(496, 'fr', 294, 'langue'),
(497, 'fr', 295, 'Créer un profil de cours'),
(498, 'fr', 296, 'Mettre à jour le profil de cours'),
(499, 'fr', 297, 'Voir le profil de cours'),
(500, 'fr', 298, 'Supprimer le profil de cours'),
(501, 'fr', 299, 'Liste profil du parcours'),
(502, 'fr', 301, 'Créer un profil multi-langues'),
(503, 'fr', 302, 'Voir le profil multi-langues'),
(504, 'fr', 303, 'Mise à jour d''un profil multi-langues'),
(505, 'fr', 300, 'Cours de golf profil de multi-langue'),
(506, 'fr', 304, 'Profils linguistiques'),
(507, 'fr', 305, 'Profils linguistiques'),
(508, 'zh_cn', 13, '联盟'),
(509, 'zh_cn', 14, '联盟名称'),
(510, 'zh_cn', 15, '联盟国家'),
(511, 'zh_cn', 30, '高尔夫俱乐部'),
(512, 'zh_cn', 31, '高尔夫球场 ID'),
(513, 'zh_cn', 32, '高尔夫俱乐部名称'),
(514, 'zh_cn', 41, '高尔夫协会'),
(515, 'zh_cn', 49, '高尔夫球场名称'),
(516, 'zh_cn', 51, '缩写名称'),
(517, 'zh_cn', 65, '会员编号'),
(518, 'zh_cn', 64, '高尔夫球场号'),
(519, 'zh_cn', 69, '别名（名）'),
(520, 'zh_cn', 70, '别名（姓）'),
(521, 'zh_cn', 92, '高尔夫俱乐部'),
(522, 'zh_cn', 102, '描述'),
(523, 'zh_cn', 114, '球场难度值'),
(524, 'zh_cn', 115, '坡度难度值'),
(525, 'zh_cn', 116, '球洞'),
(526, 'zh_cn', 120, '后九洞'),
(527, 'zh_cn', 121, '前九洞'),
(528, 'zh_cn', 123, '会员 ID'),
(529, 'zh_cn', 133, '会员'),
(530, 'zh_cn', 139, '总分'),
(531, 'zh_cn', 140, '已调整'),
(532, 'zh_cn', 147, '差点微分'),
(533, 'zh_cn', 148, '球场差点'),
(534, 'zh_cn', 162, '高尔夫协会'),
(535, 'zh_cn', 196, '记住我'),
(536, 'zh_cn', 201, '主页'),
(537, 'zh_cn', 207, '高尔夫联盟'),
(538, 'zh_cn', 209, '高尔夫球场'),
(539, 'zh_cn', 213, '高尔夫俱乐部'),
(540, 'zh_cn', 233, '电邮'),
(541, 'zh_cn', 234, '传真'),
(542, 'zh_cn', 235, '网址'),
(543, 'zh_cn', 238, '新浪微博 - Weibo'),
(544, 'zh_cn', 241, '电话'),
(545, 'zh_cn', 242, '高尔夫俱乐部编号'),
(546, 'zh_cn', 243, '高尔夫俱乐部名称'),
(547, 'zh_cn', 244, '高尔夫球场名称'),
(548, 'zh_cn', 245, '取消'),
(549, 'zh_cn', 246, '取消'),
(550, 'zh_cn', 249, '纬度'),
(551, 'zh_cn', 250, '报告'),
(552, 'zh_cn', 256, '高尔夫俱乐部'),
(553, 'zh_cn', 267, '国家-国家'),
(554, 'zh_cn', 268, '高尔夫协会'),
(555, 'zh_cn', 270, '星期日'),
(556, 'zh_cn', 271, '星期一'),
(557, 'zh_cn', 272, '星期二'),
(558, 'zh_cn', 273, '星期三'),
(559, 'zh_cn', 274, '星期四'),
(560, 'zh_cn', 275, '星期五'),
(561, 'zh_cn', 276, '星期六'),
(562, 'zh_cn', 277, '高尔夫俱乐部'),
(563, 'zh_cn', 289, '高尔夫俱乐部名'),
(564, 'zh_cn', 290, '描述'),
(565, 'zh_cn', 292, '高尔夫球场名称'),
(566, 'zh_cn', 206, '国家'),
(567, 'ru', 167, 'Действие'),
(568, 'ru', 40, 'Председатель гандикапа'),
(569, 'ru', 54, 'Город'),
(570, 'ru', 30, 'Гольф-клубы'),
(571, 'ru', 92, 'гольф-клуб'),
(572, 'ru', 111, 'Первые 9'),
(573, 'ru', 158, 'Гольф-клуб'),
(574, 'ru', 213, 'Гольф-клубы'),
(575, 'ru', 256, 'Гольф-клуб'),
(576, 'ru', 277, 'гольф-клуб'),
(577, 'ru', 136, 'Ти'),
(578, 'ru', 210, 'Участники'),
(579, 'ru', 112, 'Вторые 9'),
(580, 'ru', 116, 'Лунка'),
(581, 'ru', 117, 'площадь в ярдах'),
(582, 'ru', 118, 'Пар'),
(583, 'ru', 13, 'Союз'),
(584, 'ru', 82, 'Участники'),
(585, 'ru', 138, 'Название турнира'),
(586, 'ru', 91, 'Участник'),
(587, 'ru', 160, 'Пользователи'),
(588, 'ru', 178, 'пользователь'),
(589, 'ru', 207, 'союз гольфа'),
(590, 'ru', 52, 'Лунки'),
(591, 'ru', 48, 'Площадка для игры в гольф'),
(592, 'ru', 49, 'Название площадки для игры в гольф'),
(593, 'ru', 50, 'Дата построения'),
(594, 'ru', 51, 'Имя архитектора'),
(595, 'ru', 53, 'Описание'),
(596, 'ru', 55, 'Перечислить площадки для игры в гольф'),
(597, 'ru', 56, 'Просмотр площадок для игры в гольф'),
(598, 'ru', 57, 'Создать площадки для игры в гольф'),
(599, 'ru', 58, 'Обновить площадки для игры в гольф'),
(600, 'ru', 59, 'Управление площадками для игры в гольф'),
(601, 'ru', 60, 'Удалить площадки для игры в гольф'),
(602, 'ru', 64, 'Идентификатор площадки для игры гольф'),
(603, 'ru', 305, ''),
(604, 'ru', 99, 'характеристики площадки'),
(605, 'ru', 100, 'площадка для игры в гольф'),
(606, 'ru', 101, 'Пол'),
(607, 'ru', 102, 'Описание'),
(608, 'ru', 103, '9 лунок'),
(609, 'ru', 104, 'Временный рейтинг'),
(610, 'ru', 105, 'Перечислить характеристики площадки для игры в гольф'),
(611, 'ru', 106, 'Создать характеристики площадки'),
(612, 'ru', 107, 'Обновить характеристики площадки для игры в гольф'),
(613, 'ru', 108, 'Удалить характеристики площадки'),
(614, 'ru', 109, 'Управление характеристиками площадки для игры в гольф'),
(615, 'ru', 110, 'Просмотр характеристик площадки для игры в гольф'),
(616, 'ru', 243, 'Название гольф-клуба'),
(617, 'ru', 244, 'Название площадки для игры в гольф'),
(618, 'ru', 1, 'Название страны'),
(619, 'ru', 2, 'Страна'),
(620, 'ru', 3, 'Создать страны'),
(621, 'ru', 4, 'Просмотр стран'),
(622, 'ru', 5, 'Обновить страны'),
(623, 'ru', 6, 'Управление странами'),
(624, 'ru', 7, 'Расширенный поиск'),
(625, 'ru', 8, 'Создать'),
(626, 'ru', 9, 'Сохранить'),
(627, 'ru', 10, 'Перечислить страны'),
(628, 'ru', 11, 'Удалить страны'),
(629, 'ru', 12, ''),
(630, 'ru', 14, 'Название союза'),
(631, 'ru', 15, 'Название союза'),
(632, 'ru', 16, 'Создать союз гольфа'),
(633, 'ru', 17, 'Просмотр союзов гольфа'),
(634, 'ru', 18, 'Обновить союз гольфа'),
(635, 'ru', 19, 'Управление союзами гольфа'),
(636, 'ru', 20, 'Перечислить союзы гольфа'),
(637, 'ru', 21, 'Удалить союз гольфа'),
(638, 'ru', 22, 'Типы гольф-клубов'),
(639, 'ru', 23, 'Описание типов гольф-клубов'),
(640, 'ru', 24, 'Создать типы гольф-клубов'),
(641, 'ru', 25, 'Просмотр типов гольф-клубов'),
(642, 'ru', 26, 'Обновить типы гольф-клубов'),
(643, 'ru', 27, 'Управление типами гольф-клубов'),
(644, 'ru', 28, 'Перечислить типы гольф-клубов'),
(645, 'ru', 29, 'Удалить типы гольф-клубов'),
(646, 'ru', 31, 'Идентификатор гольф-клуба'),
(647, 'ru', 32, 'Название гольф-клуба'),
(648, 'ru', 33, 'Адрес'),
(649, 'ru', 34, 'Описание'),
(650, 'ru', 35, 'Дата основания'),
(651, 'ru', 36, 'Число участников'),
(652, 'ru', 37, 'Управление именами'),
(653, 'ru', 38, 'Имя директора'),
(654, 'ru', 39, 'Профессионал'),
(655, 'ru', 41, 'Союз гольфа'),
(656, 'ru', 42, 'Перечислить гольф-клубы'),
(657, 'ru', 43, 'Создать гольф-клубы'),
(658, 'ru', 44, 'Обновить гольф-клубы'),
(659, 'ru', 45, 'Удалить гольф-клубы'),
(660, 'ru', 46, 'Управление гольф-клубами'),
(661, 'ru', 47, 'Просмотр гольф-клубов'),
(662, 'ru', 65, 'Идентификатор участника'),
(663, 'ru', 66, 'Титул участника'),
(664, 'ru', 67, 'Имя'),
(665, 'ru', 68, 'Фамилия'),
(666, 'ru', 69, 'Псевдоним (имя)'),
(667, 'ru', 70, 'Псевдоним (фамилия)'),
(668, 'ru', 71, 'Использовать псевдоним'),
(669, 'ru', 72, 'Телефон'),
(670, 'ru', 73, 'Семейное положение'),
(671, 'ru', 74, 'Тип участника'),
(672, 'ru', 75, 'Статус участника'),
(673, 'ru', 76, 'Пол'),
(674, 'ru', 77, 'Строка адреса 1'),
(675, 'ru', 78, 'Дополнительный адрес'),
(676, 'ru', 79, 'Женат'),
(677, 'ru', 80, 'Не состоит в браке'),
(678, 'ru', 81, 'Дата рождения'),
(679, 'ru', 83, 'Перечислить участников'),
(680, 'ru', 84, 'Создать участников'),
(681, 'ru', 85, 'Обновить участников'),
(682, 'ru', 86, 'Удалить участников'),
(683, 'ru', 87, 'Управление участниками'),
(684, 'ru', 88, 'Просмотр участников'),
(685, 'ru', 89, 'Назначить клубам'),
(686, 'ru', 90, 'Ссылка клуба участника'),
(687, 'ru', 93, 'Перечислить ссылки клуба участников'),
(688, 'ru', 94, 'Создать ссылку клуба участника'),
(689, 'ru', 95, 'Обновить ссылки клуба участников'),
(690, 'ru', 96, 'Удалить ссылку клуба участника'),
(691, 'ru', 97, 'Управление ссылками клуба участников'),
(692, 'ru', 98, 'Просмотр ссылок клуба участников'),
(693, 'ru', 113, 'Все 18'),
(694, 'ru', 114, 'Рейтинг'),
(695, 'ru', 115, 'Сложность для богги гольфера'),
(696, 'ru', 119, 'Указатель'),
(697, 'ru', 120, 'Вторые 9'),
(698, 'ru', 121, 'Первые 9'),
(699, 'ru', 122, 'Всего'),
(700, 'ru', 123, 'Идентификатор участника'),
(701, 'ru', 124, 'Имя'),
(702, 'ru', 125, 'Фамилия'),
(703, 'ru', 126, 'Дата рождения'),
(704, 'ru', 127, 'Телефон'),
(705, 'ru', 128, 'Добавить счета'),
(706, 'ru', 129, 'Получить счета'),
(707, 'ru', 130, 'Участники (клуба)'),
(708, 'ru', 131, 'Участники всех клубов'),
(709, 'ru', 132, 'Создать счета участника'),
(710, 'ru', 133, 'Участник'),
(711, 'ru', 134, 'Пол'),
(712, 'ru', 135, 'Площадка для игры в гольф'),
(713, 'ru', 137, 'Добавленная дата'),
(714, 'ru', 139, 'Гросс'),
(715, 'ru', 140, 'Скорректированный'),
(716, 'ru', 141, 'Лунок в игре'),
(717, 'ru', 142, 'Перечислить счета'),
(718, 'ru', 143, 'Выберите площадку'),
(719, 'ru', 144, 'Выберите ти'),
(720, 'ru', 145, 'Получить счета'),
(721, 'ru', 146, 'Отправить'),
(722, 'ru', 147, 'Разница гандикапа'),
(723, 'ru', 148, 'Гандикап для площадки'),
(724, 'ru', 149, 'Создать пользователя'),
(725, 'ru', 150, 'Обновить пользователя'),
(726, 'ru', 151, 'Перечислить пользователей'),
(727, 'ru', 152, 'Просмотр пользователя'),
(728, 'ru', 153, 'Управление пользователем'),
(729, 'ru', 154, 'Удалить пользователя'),
(730, 'ru', 155, 'Имя для входа'),
(731, 'ru', 156, 'Имя'),
(732, 'ru', 157, 'Фамилия'),
(733, 'ru', 159, 'Пароль'),
(734, 'ru', 161, 'Идентификатор пользователя-'),
(735, 'ru', 162, 'Союз гольфа'),
(736, 'ru', 163, 'Выберите союз'),
(737, 'ru', 164, 'Выберите клуб'),
(738, 'ru', 165, 'Идентификатор'),
(739, 'ru', 166, 'Модуль'),
(740, 'ru', 168, 'разрешения на действие'),
(741, 'ru', 169, 'Перечислить разрешения на действие'),
(742, 'ru', 170, 'Создать разрешения на действие'),
(743, 'ru', 171, 'Обновить разрешения на действие'),
(744, 'ru', 172, 'Удалить разрешения на действие'),
(745, 'ru', 173, 'Управление разрешениями на действие'),
(746, 'ru', 174, 'Просмотр разрешений на действие'),
(747, 'ru', 175, 'Диспетчер пользователей'),
(748, 'ru', 176, 'разрешения на действие'),
(749, 'ru', 177, 'Перечислить роли'),
(750, 'ru', 179, 'Назначить роли'),
(751, 'ru', 180, 'Идентификатор пользователя'),
(752, 'ru', 181, 'Идентификатор роли'),
(753, 'ru', 182, 'Ссылка роли пользователя'),
(754, 'ru', 183, 'Перечислить ссылки ролей пользователя'),
(755, 'ru', 184, 'Создать ссылку роли пользователя'),
(756, 'ru', 185, 'Обновить ссылки ролей пользователя'),
(757, 'ru', 186, 'Удалить ссылку роли пользователя'),
(758, 'ru', 187, 'Управление ссылками ролей пользователя'),
(759, 'ru', 188, 'Просмотр ссылки роли пользователя'),
(760, 'ru', 189, 'Не удалось назначить роль. Для этого пользователя роль уже существует'),
(761, 'ru', 190, 'Роли пользователей'),
(762, 'ru', 191, 'Отправить'),
(763, 'ru', 192, 'Дата сохранения'),
(764, 'ru', 193, 'Вход'),
(765, 'ru', 194, 'Имя пользователя'),
(766, 'ru', 195, 'Пароль'),
(767, 'ru', 196, 'Запомнить меня'),
(768, 'ru', 197, 'Введите в следующей форме ваши данные для входа'),
(769, 'ru', 198, 'Добро пожаловать в приложение Quasar для гольф-гандикаппинга'),
(770, 'ru', 199, 'Неверное имя пользователя или пароль'),
(771, 'ru', 200, 'зарезервировано'),
(772, 'ru', 201, 'Домашняя'),
(773, 'ru', 202, 'Диспетчер пользователей'),
(774, 'ru', 203, 'Настройки'),
(775, 'ru', 204, 'Выход'),
(776, 'ru', 205, 'Диспетчер сайта'),
(777, 'ru', 206, 'Страны'),
(778, 'ru', 208, 'Типы гольф-клубов'),
(779, 'ru', 209, 'площадка для игры в гольф'),
(780, 'ru', 211, 'характеристики площадки'),
(781, 'ru', 212, 'Члены клуба'),
(782, 'ru', 214, 'Управление странами'),
(783, 'ru', 215, 'Управление союзами гольфа'),
(784, 'ru', 216, 'Управление типами гольф-клубов'),
(785, 'ru', 217, 'Управление гольф-клубами'),
(786, 'ru', 218, 'Управление площадками для игры в гольф'),
(787, 'ru', 219, 'управление всеми участниками'),
(788, 'ru', 220, 'Управление характеристиками площадки для игры в гольф'),
(789, 'ru', 221, ''),
(790, 'ru', 222, ''),
(791, 'ru', 223, 'Строка адреса 2'),
(792, 'ru', 224, 'Город'),
(793, 'ru', 225, ''),
(794, 'ru', 226, 'Почтовый индекс'),
(795, 'ru', 227, 'Страна'),
(796, 'ru', 228, 'Мобильный телефон'),
(797, 'ru', 229, 'Карточка члена ассоциации'),
(798, 'ru', 230, ''),
(799, 'ru', 231, ''),
(800, 'ru', 232, ''),
(801, 'ru', 233, ''),
(802, 'ru', 234, 'факс'),
(803, 'ru', 235, ''),
(804, 'ru', 236, ''),
(805, 'ru', 237, ''),
(806, 'ru', 238, ''),
(807, 'ru', 239, ''),
(808, 'ru', 240, ''),
(809, 'ru', 241, 'Телефон'),
(810, 'ru', 242, 'Номер гольф-клуба'),
(811, 'ru', 245, 'Отмена'),
(812, 'ru', 246, 'Отмена'),
(813, 'ru', 247, 'Сокращенное имя'),
(814, 'ru', 248, 'Статус'),
(815, 'ru', 249, 'Широта'),
(816, 'ru', 250, 'Долгота'),
(817, 'ru', 251, 'Member Manager'),
(818, 'ru', 252, 'Reports'),
(819, 'ru', 253, 'Golf Utilities'),
(820, 'ru', 254, 'Configuration Utilities'),
(821, 'ru', 255, 'User Manager'),
(822, 'ru', 257, ''),
(823, 'ru', 258, ''),
(824, 'ru', 259, ''),
(825, 'ru', 260, 'Диспетчер языка текста меток'),
(826, 'ru', 261, 'Модуль'),
(827, 'ru', 262, 'Язык'),
(828, 'ru', 263, 'Отправить'),
(829, 'ru', 264, ''),
(830, 'ru', 265, ''),
(831, 'ru', 266, ''),
(832, 'ru', 267, 'Страны'),
(833, 'ru', 268, ''),
(834, 'ru', 269, ''),
(835, 'ru', 270, 'Воскресенье'),
(836, 'ru', 271, 'Понедельник'),
(837, 'ru', 272, 'Вторник'),
(838, 'ru', 273, 'Среда'),
(839, 'ru', 274, 'Четверг'),
(840, 'ru', 275, 'Пятница'),
(841, 'ru', 276, 'Суббота'),
(842, 'ru', 278, ''),
(843, 'ru', 279, ''),
(844, 'ru', 280, ''),
(845, 'ru', 281, ''),
(846, 'ru', 282, ''),
(847, 'ru', 283, ''),
(848, 'ru', 284, ''),
(849, 'ru', 285, ''),
(850, 'ru', 286, ''),
(851, 'ru', 287, ''),
(852, 'ru', 288, ''),
(853, 'ru', 289, 'Название гольф-клуба'),
(854, 'ru', 290, 'Описание'),
(855, 'ru', 291, ''),
(856, 'ru', 292, 'Название площадки для игры в гольф'),
(857, 'ru', 293, 'Описание'),
(858, 'ru', 294, ''),
(859, 'ru', 295, ''),
(860, 'ru', 296, ''),
(861, 'ru', 297, ''),
(862, 'ru', 298, ''),
(863, 'ru', 299, ''),
(864, 'ru', 300, ''),
(865, 'ru', 301, ''),
(866, 'ru', 302, ''),
(867, 'ru', 303, ''),
(868, 'ru', 304, ''),
(869, 'ru', 306, ''),
(870, 'ru', 307, ''),
(871, 'ru', 308, ''),
(872, 'ko_kr', 167, '액션'),
(873, 'ko_kr', 168, '액션 승인'),
(874, 'ko_kr', 13, '골프협회'),
(875, 'ko_kr', 111, '첫 번째 9홀'),
(876, 'ko_kr', 112, '두 번째 9홀'),
(877, 'ko_kr', 116, '홀'),
(878, 'ko_kr', 117, '야디지'),
(879, 'ko_kr', 118, '파'),
(880, 'ko_kr', 30, '골프클럽'),
(881, 'ko_kr', 38, '디렉터'),
(882, 'ko_kr', 39, '프로'),
(883, 'ko_kr', 40, '회장'),
(884, 'ko_kr', 41, '골프협회'),
(885, 'ko_kr', 48, '골프코스'),
(886, 'ko_kr', 52, '홀'),
(887, 'ko_kr', 54, '클럽'),
(888, 'ko_kr', 82, '멤버'),
(889, 'ko_kr', 91, '멤버'),
(890, 'ko_kr', 92, '골프클럽'),
(891, 'ko_kr', 99, '코스 사양'),
(892, 'ko_kr', 100, '골프코스'),
(893, 'ko_kr', 133, '멤버'),
(894, 'ko_kr', 135, '골프코스'),
(895, 'ko_kr', 136, '티'),
(896, 'ko_kr', 147, '핸디캡 디퍼렌셜'),
(897, 'ko_kr', 256, '골프클럽'),
(898, 'ko_kr', 158, '골프클럽'),
(899, 'ko_kr', 160, '사용자'),
(900, 'ko_kr', 162, '골프협회'),
(901, 'ko_kr', 176, '액션 승인'),
(902, 'ko_kr', 178, '사용자'),
(903, 'ko_kr', 207, '골프협회'),
(904, 'ko_kr', 209, '골프코스'),
(905, 'ko_kr', 210, '멤버'),
(906, 'ko_kr', 211, '코스 사양'),
(907, 'ko_kr', 213, '골프클럽'),
(908, 'ko_kr', 138, '토너먼트'),
(909, 'ko_kr', 277, '골프클럽'),
(910, 'ja', 13, '連盟'),
(911, 'ja', 41, 'ゴルフ連盟'),
(912, 'ja', 52, 'ホール'),
(913, 'ja', 91, '会員'),
(914, 'ja', 99, 'ゴルフ コースの詳細'),
(915, 'ja', 135, 'ゴルフ コース'),
(916, 'ja', 136, 'ティー'),
(917, 'ja', 138, 'トーナメント名'),
(918, 'ja', 147, 'ハンディキャップ差'),
(919, 'ja', 162, 'ゴルフ連盟'),
(920, 'ja', 167, 'アクション'),
(921, 'ja', 168, 'アクションの許可'),
(922, 'ja', 176, 'アクションの許可'),
(923, 'ja', 207, 'ゴルフ連盟'),
(924, 'ja', 211, 'ゴルフ コースの詳細'),
(925, 'ja', 213, 'ゴルフ クラブ'),
(926, 'ja', 256, 'ゴルフ クラブ'),
(927, 'ja', 277, 'ゴルフ クラブ'),
(928, 'ja', 38, 'ディレクター名'),
(929, 'ja', 39, 'プロ'),
(930, 'ja', 40, 'ハンディキャップ会長'),
(931, 'id', 99, 'Spesifikasi Lapangan Golf'),
(932, 'id', 100, 'Lapangan Golf'),
(933, 'id', 111, '9 Hole Pertama'),
(934, 'id', 112, '9 Hole Kedua'),
(935, 'id', 116, 'Hole'),
(936, 'id', 117, 'Panjang Dalam Yard'),
(937, 'id', 118, 'Par'),
(938, 'id', 13, 'Perserikatan'),
(939, 'id', 30, 'Klab Golf'),
(940, 'id', 38, 'Nama Direktur'),
(941, 'id', 39, 'Profesional'),
(942, 'id', 40, 'Ketua Handicap'),
(943, 'id', 41, 'Perserikatan Golf'),
(944, 'zh_cn', 119, '难度索引'),
(945, 'zh_cn', 239, 'QQ'),
(946, 'zh_cn', 306, '微信 - WeChat'),
(947, 'zh_cn', 146, '提交'),
(948, 'zh_cn', 191, '提交'),
(949, 'zh_cn', 263, '提交'),
(950, 'fr', 312, 'Image du profil'),
(951, 'fr', 313, 'Homme'),
(952, 'fr', 314, 'Femme'),
(953, 'zh_cn', 313, '男性'),
(954, 'zh_cn', 314, '女性'),
(955, 'zh_cn', 313, '男'),
(956, 'zh_cn', 314, '女'),
(957, 'fr', 315, '.'),
(958, 'fr', 316, '.'),
(959, 'fr', 317, '.'),
(960, 'fr', 318, '.'),
(961, 'fr', 319, '.'),
(962, 'fr', 315, '.'),
(963, 'fr', 316, '.'),
(964, 'fr', 317, '.'),
(965, 'fr', 318, '.'),
(966, 'fr', 319, '.'),
(967, 'fr', 320, '-'),
(968, 'fr', 321, '.'),
(969, 'fr', 322, '-'),
(970, 'fr', 334, 'doit être un nombre'),
(971, 'fr', 307, 'Nationalité'),
(972, 'fr', 308, 'Langue préférée '),
(973, 'vi', 7, 'Tìm kiếm nâng cao'),
(974, 'vi', 8, 'Tạo'),
(975, 'vi', 9, 'Lưu'),
(976, 'vi', 13, 'Hiệp hội'),
(977, 'vi', 14, 'Tên Hiệp hội'),
(978, 'vi', 15, 'Quốc gia hiệp hội'),
(979, 'vi', 16, 'Tạo Hiệp hội Golf'),
(980, 'vi', 17, 'Xem Hiệp hội Golf'),
(981, 'vi', 21, 'Xóa Hiệp hội Golf'),
(982, 'vi', 22, 'Loại Câu lạc bộ Golf'),
(983, 'vi', 30, 'Câu lạc bộ Golf'),
(984, 'vi', 31, 'ID Sân golf'),
(985, 'vi', 32, 'Tên Sân golf'),
(986, 'vi', 33, 'Địa chỉ'),
(987, 'vi', 34, 'Mô tả'),
(988, 'vi', 35, 'Ngày thành lập'),
(989, 'vi', 36, 'Số hội viên'),
(990, 'vi', 37, 'Quản lý Tên'),
(991, 'vi', 38, 'Tên Giám đốc'),
(992, 'vi', 39, 'Chuyên nghiệp'),
(993, 'vi', 41, 'Hiệp hội Golf'),
(994, 'vi', 43, 'Tạo Câu lạc bộ Golf'),
(995, 'vi', 45, 'Xóa Câu lạc bộ Golf'),
(996, 'vi', 47, 'Xem Câu lạc bộ Golf'),
(997, 'vi', 48, 'Sân golf'),
(998, 'vi', 49, 'Tên Sân golf'),
(999, 'vi', 50, 'Ngày sinh'),
(1000, 'vi', 51, 'Tên Kiến trúc sư'),
(1001, 'vi', 52, 'Lỗ'),
(1002, 'vi', 53, 'Mô tả'),
(1003, 'vi', 54, 'Câu lạc bộ'),
(1004, 'vi', 55, 'Liệt kê Sân golf'),
(1005, 'vi', 56, 'Xem Sân golf'),
(1006, 'vi', 57, 'Tạo Sân golf'),
(1007, 'vi', 58, 'Cập nhật Sân golf'),
(1008, 'vi', 59, 'Quản lý Sân golf'),
(1009, 'vi', 60, 'Xóa Sân golf'),
(1010, 'vi', 65, 'ID Hội viên'),
(1011, 'vi', 64, 'ID Sân golf'),
(1012, 'vi', 67, 'Tên'),
(1013, 'vi', 68, 'Họ'),
(1014, 'vi', 69, 'Biệt hiệu (Tên)'),
(1015, 'vi', 70, 'Biệt hiệu (Họ)'),
(1016, 'vi', 71, 'Sử dụng Biệt hiệu'),
(1017, 'vi', 72, 'Điện thoại'),
(1018, 'vi', 73, 'Tình trạng hôn nhân'),
(1019, 'vi', 74, 'Loại Hội viên'),
(1020, 'vi', 75, 'Tình trạng Hội viên'),
(1021, 'vi', 77, 'Dòng địa chỉ 1'),
(1022, 'vi', 78, 'Địa chỉ phụ'),
(1023, 'vi', 79, 'Đã lập gia đình'),
(1024, 'vi', 80, 'Chưa lập gia đình'),
(1025, 'vi', 82, 'Hội viên'),
(1026, 'vi', 83, 'Liệt kê Hội viên'),
(1027, 'vi', 84, 'Tạo Hội viên'),
(1028, 'vi', 85, 'Cập nhật Hội viên'),
(1029, 'vi', 86, 'Xóa Hội viên'),
(1030, 'vi', 87, 'Quản lý Hội viên'),
(1031, 'vi', 88, 'Xem Hội viên'),
(1032, 'vi', 89, 'Gán vào Câu lạc bộ'),
(1033, 'vi', 91, 'Hội viên'),
(1034, 'vi', 92, 'Câu lạc bộ Golf'),
(1035, 'vi', 99, 'Đặc điểm sân Golf'),
(1036, 'vi', 100, 'Sân Golf'),
(1037, 'vi', 102, 'Mô tả'),
(1038, 'vi', 103, 'Chín lỗ'),
(1039, 'vi', 104, 'Xếp hạng tạm'),
(1040, 'vi', 111, '9 lỗ đầu tiên'),
(1041, 'vi', 112, '9 lỗ thứ nhì'),
(1042, 'vi', 113, 'Toàn bộ 18 lỗ'),
(1043, 'vi', 114, 'Xếp hạng'),
(1044, 'vi', 115, 'Độ khó'),
(1045, 'vi', 116, 'Lỗ'),
(1046, 'vi', 118, 'Par'),
(1047, 'vi', 119, 'Chỉ số'),
(1048, 'vi', 120, 'Tại'),
(1049, 'vi', 121, 'Ra ngoài'),
(1050, 'vi', 122, 'Tổng'),
(1051, 'vi', 123, 'ID Hội viên'),
(1052, 'vi', 124, 'Tên'),
(1053, 'vi', 125, 'Họ'),
(1054, 'vi', 127, 'Điện thoại'),
(1055, 'vi', 128, 'Thêm Điểm số'),
(1056, 'vi', 129, 'Lấy Điểm số'),
(1057, 'vi', 130, 'Hội viên của'),
(1058, 'vi', 132, 'Tạo Điểm số Hội viên'),
(1059, 'vi', 133, 'Hội viên'),
(1060, 'vi', 135, 'Sân golf'),
(1061, 'vi', 136, 'Tee'),
(1062, 'vi', 137, 'Ngày thêm'),
(1063, 'vi', 138, 'Tên Giải đấu'),
(1064, 'vi', 139, 'Tổng'),
(1065, 'vi', 140, 'Quy đổi'),
(1066, 'vi', 141, 'Số lỗ đã chơi'),
(1067, 'vi', 142, 'Liệt kê Điểm số'),
(1068, 'vi', 143, 'Chọn Sân golf'),
(1069, 'vi', 144, 'Chọn Tee'),
(1070, 'vi', 145, 'Lấy Điểm số'),
(1071, 'vi', 146, 'Gửi'),
(1072, 'vi', 147, 'Sai biệt điểm chấp'),
(1073, 'vi', 148, 'Điểm chấp theo sân'),
(1074, 'vi', 149, 'Tạo Người dùng'),
(1075, 'vi', 150, 'Cập nhật Người dùng'),
(1076, 'vi', 151, 'Liệt kê Người dùng'),
(1077, 'vi', 152, 'Xem Người dùng'),
(1078, 'vi', 153, 'Quản lý Người dùng'),
(1079, 'vi', 154, 'Xóa Người dùng'),
(1080, 'vi', 155, 'Tên đăng nhập'),
(1081, 'vi', 156, 'Tên'),
(1082, 'vi', 157, 'Họ'),
(1083, 'vi', 158, 'Câu lạc bộ Golf'),
(1084, 'vi', 159, 'Mật khẩu'),
(1085, 'vi', 160, 'Người dùng'),
(1086, 'vi', 161, 'ID Người dùng'),
(1087, 'vi', 162, 'Hiệp hội Golf'),
(1088, 'vi', 163, 'Chọn Hiệp hội'),
(1089, 'vi', 164, 'Chọn Câu lạc bộ'),
(1090, 'vi', 165, 'ID'),
(1091, 'vi', 166, 'Mô-đun'),
(1092, 'vi', 167, 'Hành động'),
(1093, 'vi', 168, 'Cho phép thực hiện'),
(1094, 'vi', 176, 'Cho phép thực hiện'),
(1095, 'vi', 177, 'Liệt kê Vai trò'),
(1096, 'vi', 178, 'Người dùng'),
(1097, 'vi', 179, 'Gán vai trò'),
(1098, 'vi', 242, 'Số Câu lạc bộ Golf'),
(1099, 'vi', 243, 'Tên Câu lạc bộ Golf'),
(1100, 'vi', 244, 'Tên Sân Golf'),
(1101, 'vi', 245, 'Hủy'),
(1102, 'vi', 246, 'Hủy'),
(1103, 'vi', 247, 'Tên viết tắt'),
(1104, 'vi', 248, 'Tình trạng'),
(1105, 'vi', 249, 'Vĩ độ'),
(1106, 'vi', 250, 'Kinh độ'),
(1107, 'vi', 262, 'Ngôn ngữ'),
(1108, 'vi', 263, 'Gửi'),
(1109, 'vi', 191, 'Gửi'),
(1110, 'vi', 201, 'Trang chủ'),
(1111, 'vi', 203, 'Cài đặt'),
(1112, 'vi', 204, 'Đăng xuất'),
(1113, 'vi', 205, 'Quản lý sân'),
(1114, 'vi', 206, 'Quốc gia'),
(1115, 'vi', 207, 'Hiệp hội Golf'),
(1116, 'vi', 208, 'Loại Câu lạc bộ Golf'),
(1117, 'vi', 209, 'Sân Golf'),
(1118, 'vi', 210, 'Hội viên'),
(1119, 'vi', 213, 'Câu lạc bộ Golf'),
(1120, 'vi', 223, 'Dòng địa chỉ 2'),
(1121, 'vi', 228, 'Điện thoại di động'),
(1122, 'vi', 229, 'ID Hội viên'),
(1123, 'vi', 256, 'Câu lạc bộ Golf'),
(1124, 'vi', 277, 'Câu lạc bộ Golf'),
(1125, 'vi', 313, 'Nam'),
(1126, 'vi', 314, 'Nữ'),
(1127, 'vi', 315, 'Câu lạc bộ Golf'),
(1128, 'vi', 241, 'Điện thoại'),
(1129, 'vi', 323, 'Tỉnh'),
(1130, 'vi', 332, 'Tỉnh'),
(1131, 'vi', 12, 'Trường bắt buộc phải nhập thông tin'),
(1132, 'zh_cn', 16, '创建高尔夫联盟'),
(1133, 'zh_cn', 18, '更新高尔夫联盟'),
(1134, 'zh_cn', 20, '列出高尔夫联盟'),
(1135, 'zh_cn', 3, '创建国家'),
(1136, 'zh_cn', 4, '查看国家'),
(1137, 'zh_cn', 5, '更新国家'),
(1138, 'zh_cn', 6, '管理国家'),
(1139, 'zh_cn', 7, '高级搜索'),
(1140, 'zh_cn', 10, '列出国家'),
(1141, 'zh_cn', 11, '删除国家'),
(1142, 'zh_cn', 44, '更新高尔夫俱乐部'),
(1143, 'zh_cn', 54, '俱乐部'),
(1144, 'zh_cn', 58, '更新高尔夫球场'),
(1145, 'zh_cn', 212, '俱乐部会员'),
(1146, 'zh_cn', 73, '婚姻状况'),
(1147, 'zh_cn', 75, '会员状态'),
(1148, 'zh_cn', 79, '已婚'),
(1149, 'zh_cn', 80, '未婚'),
(1150, 'zh_cn', 87, '管理会员'),
(1151, 'zh_cn', 229, '协会会员 ID'),
(1152, 'ru', 315, 'Гольф-клуб'),
(1153, 'ru', 313, 'Мужской'),
(1154, 'ru', 314, 'Женский'),
(1155, 'vi', 194, 'Tên người dùng'),
(1156, 'vi', 194, 'Tên người dùng'),
(1157, 'vi', 23, 'Mô tả Loại Câu lạc bộ Golf'),
(1158, 'vi', 18, 'Cập nhật Hiệp hội Golf'),
(1159, 'vi', 19, 'Quản lý Hiệp hội Golf'),
(1160, 'vi', 20, 'Liệt kê Hiệp hội Golf'),
(1161, 'vi', 192, 'Đã lưu dữ liệu'),
(1162, 'vi', 40, 'Chủ tịch Hiệp hội Golf'),
(1163, 'vi', 40, 'dsf'),
(1164, 'vi', 42, 'Liệt kê Câu lạc bộ Golf'),
(1165, 'vi', 44, 'Cập nhật Câu lạc bộ Golf'),
(1166, 'th', 1, 'ชื่อประเทศ'),
(1167, 'th', 40, 'ประธานแต้มต่อ'),
(1168, 'th', 201, 'หน้าแรก'),
(1169, 'th', 202, 'ผู้จัดการผู้ใช้'),
(1170, 'th', 203, 'ตั้งค่า'),
(1171, 'th', 204, 'ออกจากระบบ'),
(1172, 'th', 205, 'ผู้จัดการไซต์'),
(1173, 'th', 206, 'ประเทศ'),
(1174, 'th', 207, 'สหภาพกอล์ฟ'),
(1175, 'th', 208, 'ประเภทสโมสรกอล์ฟ'),
(1176, 'th', 209, 'สนามกอล์ฟ'),
(1177, 'th', 210, 'สมาชิก'),
(1178, 'th', 211, 'สเปคของสนาม'),
(1179, 'th', 212, 'สมาชิกสโมสร'),
(1180, 'th', 213, 'สโมสรกอล์ฟ'),
(1181, 'th', 2, 'ประเทศ'),
(1182, 'th', 3, 'สร้างประเทศ'),
(1183, 'th', 4, 'ดูประเทศ'),
(1184, 'th', 5, 'อัพเดตประเทศ'),
(1185, 'th', 6, 'จัดการประเทศ'),
(1186, 'th', 7, 'การค้นหาขั้นสูง'),
(1187, 'th', 8, 'สร้าง'),
(1188, 'th', 9, 'บันทึก'),
(1189, 'th', 10, 'รายการประเทศ'),
(1190, 'th', 11, 'ลบประเทศ'),
(1191, 'th', 12, 'ระบุหัวข้อบังคับ'),
(1192, 'th', 13, 'สหภาพ'),
(1193, 'th', 14, 'ชื่อสหภาพ'),
(1194, 'th', 15, 'ประเทศสหภาพ'),
(1195, 'th', 16, 'สร้างสหภาพกอล์ฟ'),
(1196, 'th', 17, 'ดูสหภาพกอล์ฟ'),
(1197, 'th', 18, 'อัพเดตสหภาพกอล์ฟ'),
(1198, 'th', 19, 'จัดการสหภาพกอล์ฟ'),
(1199, 'th', 20, 'รายการสหภาพกอล์ฟ'),
(1200, 'th', 21, 'ลบสหภาพกอล์ฟ'),
(1201, 'th', 22, 'ประเภทสโมสรกอล์ฟ'),
(1202, 'th', 25, 'ดูประเภทสนามกอล์ฟ'),
(1203, 'th', 29, 'ลบประเภทสโมสรกอล์ฟ'),
(1204, 'th', 30, 'สโมสรกอล์ฟ'),
(1205, 'th', 32, 'ชื่อสโมสรกอล์ฟ'),
(1206, 'th', 33, 'ที่อยู่'),
(1207, 'th', 34, 'คำอธิบาย'),
(1208, 'th', 35, 'วันที่ก่อตั้ง'),
(1209, 'th', 36, 'จำนวนสมาชิก'),
(1210, 'th', 37, 'จัดการชื่อ'),
(1211, 'th', 38, 'ชื่อผู้อำนวยการ'),
(1212, 'th', 39, 'มืออาชีพ'),
(1213, 'th', 41, 'สหภาพกอล์ฟ'),
(1214, 'th', 42, 'รายการสโมสรกอล์ฟ'),
(1215, 'th', 53, 'คำอธิบาย'),
(1216, 'th', 102, 'คำอธิบาย'),
(1217, 'th', 162, 'สหภาพกอล์ฟ'),
(1218, 'th', 290, 'คำอธิบาย'),
(1219, 'th', 67, 'ชื่อต้น'),
(1220, 'th', 68, 'นามสกุล'),
(1221, 'th', 81, 'วันเกิด'),
(1222, 'th', 124, 'ชื่อต้น'),
(1223, 'th', 125, 'นามสกุล'),
(1224, 'th', 126, 'วันเกิด'),
(1225, 'th', 146, 'ส่ง'),
(1226, 'th', 156, 'ชื่อต้น'),
(1227, 'th', 157, 'นามสกุล'),
(1228, 'th', 191, 'ส่ง'),
(1229, 'th', 245, 'ยกเลิก'),
(1230, 'th', 246, 'ยกเลิก'),
(1231, 'th', 249, 'ละติจูด'),
(1232, 'th', 250, 'ลองจิจูด'),
(1233, 'th', 263, 'ส่ง'),
(1234, 'th', 72, 'โทรศัพท์'),
(1235, 'th', 73, 'สถานะการสมรส'),
(1236, 'th', 74, 'ประเภทสมาชิก'),
(1237, 'th', 75, 'สถานะของสมาชิก'),
(1238, 'th', 76, 'เพศ'),
(1239, 'th', 77, 'ที่อยู่บรรทัด 1'),
(1240, 'th', 79, 'แต่งงานแล้ว'),
(1241, 'th', 80, 'โสด'),
(1242, 'th', 101, 'เพศ'),
(1243, 'th', 134, 'เพศ'),
(1244, 'th', 158, 'สโมสรกอล์ฟ'),
(1245, 'th', 159, 'รหัสผ่าน'),
(1246, 'th', 160, 'ผู้ใช้'),
(1247, 'th', 161, 'รหัสประจำตัวผู้ใช้'),
(1248, 'th', 167, 'การดำเนินการ'),
(1249, 'th', 168, 'สิทธิ์การดำเนินการ'),
(1250, 'th', 193, 'เข้าสู่ระบบ'),
(1251, 'th', 194, 'ชื่อผู้ใช้'),
(1252, 'th', 195, 'รหัสผ่าน'),
(1253, 'th', 223, 'ที่อยู่บรรทัด 2'),
(1254, 'th', 224, 'เมือง'),
(1255, 'th', 226, 'รหัสไปรษณีย์'),
(1256, 'th', 227, 'ประเทศ'),
(1257, 'th', 228, 'โทรศัพท์มือถือ'),
(1258, 'th', 241, 'โทรศัพท์'),
(1259, 'th', 267, 'ประเทศ'),
(1260, 'th', 313, 'ชาย'),
(1261, 'th', 314, 'หญิง'),
(1262, 'th', 315, 'สโมสรกอล์ฟ'),
(1263, 'th', 65, 'รหัสประจำตัวสมาชิก'),
(1264, 'th', 123, 'รหัสประจำตัวสมาชิก'),
(1265, 'zh_cn', 83, '列出会员'),
(1266, 'zh_cn', 84, '创建会员');
INSERT INTO `lng_text_translated` (`translated_label_id`, `language_code`, `english_label_id`, `translated_label_text`) VALUES
(1267, 'zh_cn', 85, '更新会员'),
(1268, 'zh_cn', 86, '删除会员'),
(1269, 'zh_cn', 88, '查看会员'),
(1270, 'zh_cn', 89, '分配给俱乐部'),
(1271, 'zh_cn', 78, '辅地址'),
(1272, 'id', 1, 'Nama Negara'),
(1273, 'id', 2, 'Negara'),
(1274, 'id', 3, 'Buat Negara'),
(1275, 'id', 4, 'Lihat Negara'),
(1276, 'id', 5, 'Perbarui Negara'),
(1277, 'id', 6, 'Kelola Negara'),
(1278, 'id', 7, 'Pencarian Lanjutan'),
(1279, 'id', 8, 'Buat'),
(1280, 'id', 9, 'Simpan'),
(1281, 'id', 10, 'Daftar Negara'),
(1282, 'id', 11, 'Hapus Negara'),
(1283, 'id', 12, 'Kolom yang wajib diisi'),
(1284, 'id', 14, 'Nama Perserikatan'),
(1285, 'id', 15, 'Negara Perserikatan'),
(1286, 'id', 16, 'Buat Perserikatan Golf'),
(1287, 'id', 17, 'Lihat Perserikatan Golf'),
(1288, 'id', 18, 'Perbarui Perserikatan Golf'),
(1289, 'id', 19, 'Kelola Perserikatan Golf'),
(1290, 'id', 20, 'Daftar Perserikatan Golf'),
(1291, 'id', 21, 'Hapus Perserikatan Golf'),
(1292, 'id', 22, 'Jenis Klab Golf'),
(1293, 'id', 23, 'Deskripsi Jenis Klab Golf'),
(1294, 'id', 24, 'Buat Jenis Klab Golf'),
(1295, 'id', 25, 'Lihat Jenis Klab Golf'),
(1296, 'id', 26, 'Perbarui Jenis Klab Golf'),
(1297, 'id', 27, 'Kelola Jenis Klab Golf'),
(1298, 'id', 28, 'Daftar Jenis Klab Golf'),
(1299, 'id', 29, 'Hapus Jenis Klab Golf'),
(1300, 'id', 31, 'ID Klab Golf'),
(1301, 'id', 32, 'Nama Klab Golf'),
(1302, 'id', 33, 'Alamat'),
(1303, 'id', 34, 'Deskripsi'),
(1304, 'id', 35, 'Tanggal Pendirian'),
(1305, 'id', 36, 'Jumlah anggota'),
(1306, 'id', 37, 'Nama Manajer'),
(1307, 'id', 42, 'Daftar Klab Golf'),
(1308, 'id', 43, 'Buat Klab Golf'),
(1309, 'id', 44, 'Perbarui Klab Golf'),
(1310, 'id', 45, 'Hapus Klab Golf'),
(1311, 'id', 46, 'Kelola Klab Golf'),
(1312, 'id', 47, 'Lihat Klab Golf'),
(1313, 'id', 48, 'Lapangan Golf'),
(1314, 'id', 49, 'Nama Lapangan Golf'),
(1315, 'id', 50, 'Tanggal Pembuatan'),
(1316, 'id', 51, 'Nama Arsitek'),
(1317, 'id', 52, 'Hole'),
(1318, 'id', 53, 'Deskripsi'),
(1319, 'id', 54, 'Klab'),
(1320, 'id', 55, 'Daftar Lapangan Golf'),
(1321, 'id', 56, 'Lihat Lapangan Golf'),
(1322, 'id', 57, 'Buat Lapangan Golf'),
(1323, 'id', 58, 'Perbarui Lapangan Golf'),
(1324, 'id', 59, 'Kelola Lapangan Golf'),
(1325, 'id', 60, 'Hapus Lapangan Golf'),
(1326, 'id', 65, 'Buat Lapangan Golf'),
(1327, 'id', 66, 'Gelar Panggilan'),
(1328, 'id', 64, 'ID Lapangan Golf'),
(1329, 'id', 67, 'Nama Depan'),
(1330, 'id', 68, 'Nama Belakang'),
(1331, 'id', 69, 'Nama Panggilan (Depan)'),
(1332, 'id', 70, 'Nama Panggilan (Belakang)'),
(1333, 'id', 71, 'Gunakan Nama Panggilan'),
(1334, 'id', 72, 'Telepon'),
(1335, 'id', 73, 'Status Pernikahan'),
(1336, 'id', 74, 'Jenis Anggota'),
(1337, 'id', 75, 'Status Anggota'),
(1338, 'id', 76, 'Jenis Kelamin'),
(1339, 'id', 77, 'Baris Alamat 1'),
(1340, 'id', 78, 'Alamat Kedua'),
(1341, 'id', 79, 'Menikah'),
(1342, 'id', 80, 'Lajang'),
(1343, 'id', 81, 'Tanggal Lahir'),
(1344, 'id', 82, 'Anggota'),
(1345, 'id', 83, 'Daftar Anggota'),
(1346, 'id', 84, 'Buat Anggota'),
(1347, 'id', 85, 'Perbarui Anggota'),
(1348, 'id', 86, 'Hapus Anggota'),
(1349, 'id', 87, 'Kelola Anggota'),
(1350, 'id', 88, 'Lihat Anggota'),
(1351, 'id', 89, 'Tetapkan ke Klab'),
(1352, 'id', 90, 'Kelola Referensi Klab Anggota'),
(1353, 'id', 91, 'Anggota'),
(1354, 'id', 92, 'Klab Golf'),
(1355, 'id', 93, 'Daftar Referensi Klab Anggota'),
(1356, 'id', 94, 'Buat Referensi Klab Anggota'),
(1357, 'id', 95, 'Perbarui Referensi Klab Anggota'),
(1358, 'id', 96, 'Hapus Referensi Klab Anggota'),
(1359, 'id', 97, 'Kelola Referensi Klab Anggota'),
(1360, 'id', 98, 'Lihat Referensi Klab Anggota'),
(1361, 'id', 101, 'Jenis Kelamin'),
(1362, 'id', 102, 'Deskripsi'),
(1363, 'id', 103, 'Sembilan Hole'),
(1364, 'id', 104, 'Penilaian Sementara'),
(1365, 'id', 105, 'Daftar Spesifikasi Lapangan'),
(1366, 'id', 106, 'Buat Spesifikasi Lapangan'),
(1367, 'id', 107, 'Perbarui Spesifikasi Lapangan'),
(1368, 'id', 108, 'Hapus Spesifikasi Lapangan'),
(1369, 'id', 109, 'Kelola Spesifikasi Lapangan'),
(1370, 'id', 110, 'Lihat Spesifikasi Lapangan'),
(1371, 'id', 113, 'Semua 18 Hole'),
(1372, 'id', 114, 'Penilaian'),
(1373, 'id', 115, 'Lereng'),
(1374, 'id', 119, 'Indeks'),
(1375, 'id', 120, '9 Hole Kedua'),
(1376, 'id', 121, '9 Hole Pertama'),
(1377, 'id', 122, 'Jumlah'),
(1378, 'id', 123, 'ID Anggota'),
(1379, 'id', 124, 'Nama Depan'),
(1380, 'id', 125, 'Nama Belakang'),
(1381, 'id', 126, 'Tanggal Lahir'),
(1382, 'id', 127, 'Telepon'),
(1383, 'id', 134, 'Jenis Kelamin'),
(1384, 'id', 135, 'Lapangan Golf'),
(1385, 'id', 156, 'Nama Depan'),
(1386, 'id', 157, 'Nama Belakang'),
(1387, 'id', 162, 'Perserikatan Golf'),
(1388, 'id', 207, 'Perserikatan Golf'),
(1389, 'id', 209, 'Lapangan Golf'),
(1390, 'id', 213, 'Klab Golf'),
(1391, 'id', 223, 'Baris Alamat 2'),
(1392, 'id', 228, 'Ponsel'),
(1393, 'id', 241, 'Telepon'),
(1394, 'id', 243, 'Nama Klab Golf'),
(1395, 'id', 244, 'Nama Lapangan Golf'),
(1396, 'id', 290, 'Deskripsi'),
(1397, 'id', 128, 'Tambah Skor'),
(1398, 'id', 129, 'Dapatkan Skor'),
(1399, 'id', 130, 'Anggota Dari'),
(1400, 'id', 131, 'Anggota dari Semua Klab'),
(1401, 'id', 132, 'Buat Skor Anggota'),
(1402, 'id', 133, 'Anggota'),
(1403, 'id', 136, 'Tee'),
(1404, 'id', 137, 'Tanggal yang Ditambahkan'),
(1405, 'id', 138, 'Nama Turnamen'),
(1406, 'id', 139, 'Bruto'),
(1407, 'id', 140, 'Disesuaikan'),
(1408, 'id', 141, 'Hole yang Dimainkan'),
(1409, 'id', 142, 'Daftar Skor'),
(1410, 'id', 143, 'Pilih Lapangan'),
(1411, 'id', 144, 'Pilih Tee'),
(1412, 'id', 145, 'Dapatkan Skor'),
(1413, 'id', 146, 'Kirim'),
(1414, 'id', 147, 'Perbedaan Handicap'),
(1415, 'id', 148, 'Handicap Lapangan'),
(1416, 'id', 149, 'Buat Pengguna'),
(1417, 'id', 150, 'Perbarui Pengguna'),
(1418, 'id', 151, 'Daftar Pengguna'),
(1419, 'id', 152, 'Lihat Pengguna'),
(1420, 'id', 153, 'Kelola Pengguna'),
(1421, 'id', 154, 'Hapus Pengguna'),
(1422, 'id', 155, 'Nama Login'),
(1423, 'id', 158, 'Klab Golf'),
(1424, 'id', 159, 'Kata Sandi'),
(1425, 'id', 160, 'Pengguna'),
(1426, 'id', 161, 'ID Pengguna'),
(1427, 'id', 163, 'Pilih Perserikatan'),
(1428, 'id', 164, 'Pilih Klab'),
(1429, 'id', 165, 'ID'),
(1430, 'id', 166, 'Modul'),
(1431, 'id', 167, 'Tindakan'),
(1432, 'id', 168, 'Izin Tindakan'),
(1433, 'id', 169, 'Daftar Izin Tindakan'),
(1434, 'id', 170, 'Buat Izin Tindakan'),
(1435, 'id', 171, 'Perbarui Izin Tindakan'),
(1436, 'id', 172, 'Hapus Izin Tindakan'),
(1437, 'id', 173, 'Kelola Izin Tindakan'),
(1438, 'id', 174, 'Lihat Izin Tindakan'),
(1439, 'id', 175, 'Manajer Pengguna'),
(1440, 'id', 176, 'Izin Tindakan'),
(1441, 'id', 177, 'Daftar Peran'),
(1442, 'id', 178, 'Pengguna'),
(1443, 'id', 179, 'Tetapkan Peran'),
(1444, 'id', 180, 'ID Pengguna'),
(1445, 'id', 181, 'ID Peran'),
(1446, 'id', 182, 'Referensi Peran Pengguna'),
(1447, 'id', 183, 'Daftar Referensi Peran Pengguna'),
(1448, 'id', 184, 'Buat Referensi Peran Pengguna'),
(1449, 'id', 185, 'Perbarui Referensi Peran Pengguna'),
(1450, 'id', 186, 'Hapus Referensi Peran Pengguna'),
(1451, 'id', 187, 'Kelola Referensi Peran Pengguna'),
(1452, 'id', 188, 'Lihat Referensi Peran Pengguna'),
(1453, 'id', 189, 'Tidak dapat menetapkan peran. Peran sudah ditetapkan untuk pengguna ini.'),
(1454, 'id', 190, 'Peran Pengguna'),
(1455, 'id', 191, 'Kirim'),
(1456, 'id', 192, 'Data Tersimpan'),
(1457, 'id', 193, 'Masuk'),
(1458, 'id', 194, 'Nama Pengguna'),
(1459, 'id', 195, 'Kata Sandi'),
(1460, 'id', 196, 'Ingat Saya'),
(1461, 'id', 197, 'Mohon isi formulir berikut dengan informasi login Anda'),
(1462, 'id', 198, 'Selamat Datang di Quasar Golf'),
(1463, 'id', 199, 'Nama pengguna atau kata sandi salah'),
(1464, 'id', 200, 'cadangan'),
(1465, 'id', 201, 'Beranda'),
(1466, 'id', 202, 'Manajer Pengguna'),
(1467, 'id', 203, 'Pengaturan'),
(1468, 'id', 204, 'Keluar'),
(1469, 'id', 205, 'Manajer Situs'),
(1470, 'id', 206, 'Negara'),
(1471, 'id', 208, 'Jenis Klab Golf'),
(1472, 'id', 210, 'Anggota'),
(1473, 'id', 211, 'Spesifikasi Lapangan'),
(1474, 'id', 212, 'Anggota Klab'),
(1475, 'id', 214, 'Kelola Negara'),
(1476, 'id', 215, 'Kelola Perserikatan Golf'),
(1477, 'id', 216, 'Kelola Jenis Klab Golf'),
(1478, 'id', 217, 'Kelola Klab Golf'),
(1479, 'id', 218, 'Kelola Lapangan Golf'),
(1480, 'id', 219, 'Kelola Semua Anggota'),
(1481, 'id', 220, 'Kelola Spesifikasi Lapangan Golf'),
(1482, 'id', 224, 'Kota'),
(1483, 'id', 226, 'Kode Pos'),
(1484, 'id', 227, 'Negara'),
(1485, 'id', 229, 'ID Anggota Asosiasi'),
(1486, 'id', 242, 'Nomor Klab Golf'),
(1487, 'id', 245, 'Batal'),
(1488, 'id', 246, 'Batal'),
(1489, 'id', 247, 'Nama Singkatan'),
(1490, 'id', 248, 'Status'),
(1491, 'id', 249, 'Lintang'),
(1492, 'id', 250, 'Bujur'),
(1493, 'id', 255, 'Manajer Pengguna'),
(1494, 'id', 263, 'Kirim'),
(1495, 'id', 264, 'Label'),
(1496, 'id', 267, 'Negara'),
(1497, 'id', 277, 'Klab Golf'),
(1498, 'id', 289, 'Nama Klab'),
(1499, 'id', 292, 'Nama Lapangan'),
(1500, 'id', 313, 'Pria'),
(1501, 'id', 314, 'Wanita'),
(1502, 'id', 315, 'Klab Golf'),
(1503, 'id', 260, 'Manajer Bahasa Teks Label'),
(1504, 'vi', 267, 'Quốc gia'),
(1505, 'vi', 24, 'Tạo Loại Câu lạc bộ Golf'),
(1506, 'vi', 25, 'Xem Loại Câu lạc bộ Golf'),
(1507, 'vi', 26, 'Cập nhật Loại Câu lạc bộ Golf'),
(1508, 'vi', 27, 'Quản lý Loại Câu lạc bộ Golf'),
(1509, 'vi', 28, 'Liệt kê Loại Câu lạc bộ Golf'),
(1510, 'vi', 29, 'Xóa Loại Câu lạc bộ Golf'),
(1511, 'vi', 46, 'Quản lý Câu lạc bộ Golf'),
(1512, 'vi', 90, 'Tham chiếu Câu lạc bộ Hội viên'),
(1513, 'vi', 93, 'Liệt kê Tham chiếu Câu lạc bộ Hội viên'),
(1514, 'vi', 94, 'Tạo Tham chiếu Câu lạc bộ Hội viên'),
(1515, 'vi', 95, 'Cập nhật Tham chiếu Câu lạc bộ Hội viên'),
(1516, 'vi', 96, 'Xóa Tham chiếu Câu lạc bộ Hội viên'),
(1517, 'vi', 97, 'Quản lý Tham chiếu Câu lạc bộ Hội viên'),
(1518, 'vi', 98, 'Xem Tham chiếu Câu lạc bộ Hội viên'),
(1519, 'vi', 105, 'Liệt kê Đặc điểm sân Golf'),
(1520, 'vi', 106, 'Xóa Đặc điểm sân Golf'),
(1521, 'vi', 107, 'Cập nhật Đặc điểm sân Golf'),
(1522, 'vi', 108, 'Xóa Đặc điểm sân Golf'),
(1523, 'vi', 109, 'Quản lý Đặc điểm sân Golf'),
(1524, 'vi', 110, 'Xem Đặc điểm sân Golf'),
(1525, 'vi', 131, 'Hội viên của tất cả Câu lạc bộ'),
(1526, 'vi', 270, 'Chủ nhật'),
(1527, 'vi', 271, 'Thứ hai'),
(1528, 'vi', 272, 'Thứ ba'),
(1529, 'vi', 273, 'Thứ tư'),
(1530, 'vi', 274, 'Thứ năm'),
(1531, 'vi', 275, 'Thứ sáu'),
(1532, 'vi', 276, 'Thứ bảy'),
(1533, 'vi', 169, 'Liệt kê Cho phép thực hiện'),
(1534, 'vi', 170, 'Tạo Cho phép thực hiện'),
(1535, 'vi', 171, 'Cập nhật Cho phép thực hiện'),
(1536, 'vi', 172, 'Xóa Cho phép thực hiện'),
(1537, 'vi', 173, 'Quản lý Cho phép thực hiện'),
(1538, 'vi', 174, 'Xem Cho phép thực hiện'),
(1539, 'vi', 175, 'Người Quản lý Người dùng'),
(1540, 'ja', 175, 'ユーザー マネージャー'),
(1541, 'th', 175, 'ผู้จัดการผู้ใช้'),
(1542, 'vi', 180, 'ID Người dùng'),
(1543, 'vi', 181, 'ID Vai trò'),
(1544, 'vi', 182, 'Tham chiếu Vai trò Người dùng'),
(1545, 'vi', 183, 'Liệt kê Tham chiếu Vai trò Người dùng'),
(1546, 'vi', 184, 'Tạo Tham chiếu Vai trò Người dùng'),
(1547, 'vi', 185, 'Cập nhật Tham chiếu Vai trò Người dùng'),
(1548, 'vi', 186, 'Xóa Tham chiếu Vai trò Người dùng'),
(1549, 'vi', 187, 'Quản lý Tham chiếu Vai trò Người dùng'),
(1550, 'vi', 188, 'Xem Tham chiếu Vai trò Người dùng'),
(1551, 'vi', 190, 'Vai trò Người dùng'),
(1552, 'vi', 196, 'Ghi nhớ tôi'),
(1553, 'vi', 197, 'Vui lòng điền vào mẫu sau thông tin đăng nhập của bạn'),
(1554, 'vi', 198, 'Chào mừng bạn đến với Ứng dụng Quản lý Điểm chấp Sân Golf Quasar'),
(1555, 'vi', 200, 'đã để dành'),
(1556, 'vi', 202, 'Người Quản lý Người dùng'),
(1557, 'vi', 211, 'Đặc điểm sân Golf'),
(1558, 'vi', 212, 'Hội viên câu lạc bộ'),
(1559, 'vi', 214, 'Quản lý Quốc gia'),
(1560, 'vi', 215, 'Quản lý Hiệp hội Golf'),
(1561, 'vi', 216, 'Quản lý Loại Câu lạc bộ Golf'),
(1562, 'vi', 217, 'Quản lý Câu lạc bộ Golf'),
(1563, 'vi', 218, 'Quản lý Sân Golf'),
(1564, 'vi', 220, 'Quản lý Đặc điểm Sân Golf'),
(1565, 'vi', 221, ''),
(1566, 'vi', 219, 'Quản lý tất cả hội viên'),
(1567, 'vi', 260, 'Trình Quản lý Ngôn ngữ Văn bản Nhãn'),
(1568, 'vi', 261, 'Mô-đun'),
(1569, 'vi', 289, 'Tên Câu lạc bộ'),
(1570, 'vi', 290, 'Mô tả'),
(1571, 'vi', 292, 'Tên Sân Golf'),
(1572, 'th', 111, '9 หลุมแรก'),
(1573, 'th', 112, '9 หลุมที่สอง'),
(1574, 'th', 113, 'ทั้งหมด 18 หลุม'),
(1575, 'th', 114, 'เรตติ้ง'),
(1576, 'th', 115, 'เนิน'),
(1577, 'th', 116, 'หลุม'),
(1578, 'th', 117, 'หลา'),
(1579, 'th', 118, 'พาร์'),
(1580, 'th', 119, 'ดัชนี'),
(1581, 'th', 120, 'ขาเข้า'),
(1582, 'th', 121, 'พาร์'),
(1583, 'th', 122, 'รวมทั้งหมด'),
(1584, 'th', 225, 'รัฐ'),
(1585, 'th', 233, 'อีเมล'),
(1586, 'th', 248, 'สถานะ'),
(1587, 'th', 23, 'คำอธิบายประเภทสโมสรกอล์ฟ'),
(1588, 'th', 24, 'สร้างประเภทสโมสรกอล์ฟ'),
(1589, 'th', 26, 'อัพเดตประเภทสนามกอล์ฟ'),
(1590, 'th', 27, 'จัดการประเภทสโมสรกอล์ฟ'),
(1591, 'th', 28, 'รายการประเภทสโมสรกอล์ฟ'),
(1592, 'th', 31, 'รหัสประจำตัวสโมสรกอล์ฟ'),
(1593, 'th', 43, 'สร้างสโมสรกอล์ฟ'),
(1594, 'th', 44, 'อัพเดตสโมสรกอล์ฟ'),
(1595, 'th', 45, 'ลบสโมสรกอล์ฟ'),
(1596, 'th', 46, 'จัดการสโมสรกอล์ฟ'),
(1597, 'th', 47, 'ดูสโมสรกอล์ฟ'),
(1598, 'th', 242, 'หมายเลขสโมสรกอล์ฟ'),
(1599, 'th', 247, 'ชื่อย่อ'),
(1600, 'th', 48, 'สนามกอล์ฟ'),
(1601, 'th', 49, 'ชื่อสนามกอล์ฟ'),
(1602, 'th', 50, 'วันที่สร้าง'),
(1603, 'th', 51, 'ชื่อสถาปนิก'),
(1604, 'th', 52, 'หลุม'),
(1605, 'th', 54, 'สโมสร'),
(1606, 'th', 55, 'รายการสนามกอล์ฟ'),
(1607, 'th', 56, 'ดูสนามกอล์ฟ'),
(1608, 'th', 57, 'สร้างสนามกอล์ฟ'),
(1609, 'th', 58, 'อัพเดตสนามกอล์ฟ'),
(1610, 'th', 59, 'จัดการสนามกอล์ฟ'),
(1611, 'th', 60, 'ลบสนามกอล์ฟ'),
(1612, 'th', 64, 'รหัสประจำตัวสนามกอล์ฟ'),
(1613, 'th', 66, 'คำนำหน้าชื่อสมาชิก'),
(1614, 'th', 69, 'ชื่อเล่น (ชื่อ)'),
(1615, 'th', 70, 'ชื่อเล่น (นามสกุล)'),
(1616, 'th', 71, 'ใช้ชื่อเล่น'),
(1617, 'th', 78, 'ที่อยู่รอง'),
(1618, 'th', 82, 'สมาชิก'),
(1619, 'th', 83, 'รายการสมาชิก'),
(1620, 'th', 84, 'สร้างสมาชิก'),
(1621, 'th', 85, 'รหัสประจำตัวสมาชิกสมาคม'),
(1622, 'th', 86, 'ลบสมาชิก'),
(1623, 'th', 87, 'จัดการสมาชิก'),
(1624, 'th', 88, 'ดูสมาชิก'),
(1625, 'th', 89, 'มอบหมายให้สโมสร'),
(1626, 'th', 229, 'รหัสประจำตัวสมาชิกสมาคม'),
(1627, 'th', 90, 'การอ้างอิงสมาชิกสโมสร'),
(1628, 'th', 91, 'สมาชิก'),
(1629, 'th', 92, 'สโมสรกอล์ฟ'),
(1630, 'th', 93, 'รายการการอ้างอิงสมาชิกสโมสร'),
(1631, 'th', 94, 'สร้างการอ้างอิงบทบาทผู้ใช้'),
(1632, 'th', 95, 'อัพเดตการอ้างอิงสมาชิกสโมสร'),
(1633, 'th', 96, 'ลบการอ้างอิงสมาชิกสโมสร'),
(1634, 'th', 97, 'จัดการการอ้างอิงสมาชิกสโมสร'),
(1635, 'th', 98, 'ดูการอ้างอิงสมาชิกสโมสร'),
(1636, 'th', 99, 'สเปคสนามกอล์ฟ'),
(1637, 'th', 100, 'สนามกอล์ฟ'),
(1638, 'th', 103, 'เก้าหลุม'),
(1639, 'th', 104, 'เรตติ้งชั่วคราว'),
(1640, 'th', 105, 'รายการสเปคสนามกอล์ฟ'),
(1641, 'th', 106, 'สร้างสเปคของสนาม'),
(1642, 'th', 107, 'อัพเดตสเปคสนามกอล์ฟ'),
(1643, 'th', 108, 'ลบสเปคของสนาม'),
(1644, 'th', 109, 'จัดการสเปคสนามกอล์ฟ'),
(1645, 'th', 110, 'ดูสเปคสนามกอล์ฟ'),
(1646, 'th', 243, 'ชื่อสโมสรกอล์ฟ'),
(1647, 'th', 244, 'ชื่อสนามกอล์ฟ'),
(1648, 'th', 127, 'โทรศัพท์'),
(1649, 'th', 128, 'เพิ่มคะแนน'),
(1650, 'th', 129, 'รับคะแนน'),
(1651, 'th', 130, 'สมาชิกของ'),
(1652, 'th', 131, 'สมาชิกของทุกสโมสร'),
(1653, 'th', 132, 'สร้างคะแนนสมาชิก'),
(1654, 'th', 133, 'สมาชิก'),
(1655, 'th', 135, 'สนามกอล์ฟ'),
(1656, 'th', 136, 'ที'),
(1657, 'th', 137, 'วันที่เพิ่ม'),
(1658, 'th', 138, 'ชื่อทัวร์นาเมนต์'),
(1659, 'th', 139, 'ยอดรวม'),
(1660, 'th', 140, 'ปรับแล้ว'),
(1661, 'th', 141, 'หลุมที่เล่นแล้ว'),
(1662, 'th', 142, 'รายการคะแนน'),
(1663, 'th', 143, 'เลือกสนามกอล์ฟ'),
(1664, 'th', 144, 'เลือกที'),
(1665, 'th', 145, 'รับคะแนน'),
(1666, 'th', 147, 'ความแตกต่างของแต้มต่อ'),
(1667, 'th', 148, 'แต้มต่อของสนาม'),
(1668, 'th', 256, 'สโมสรกอล์ฟ'),
(1669, 'th', 270, 'วันอาทิตย์'),
(1670, 'th', 271, 'วันจันทร์'),
(1671, 'th', 272, 'วันอังคาร'),
(1672, 'th', 273, 'วันพุธ'),
(1673, 'th', 274, 'วันพฤหัสฯ'),
(1674, 'th', 275, 'วันศุกร์'),
(1675, 'th', 276, 'วันเสาร์'),
(1676, 'th', 149, 'สร้างผู้ใช้'),
(1677, 'th', 150, 'อัพเดตผู้ใช้'),
(1678, 'th', 151, 'รายการผู้ใช้'),
(1679, 'th', 152, 'ดูผู้ใช้'),
(1680, 'th', 153, 'จัดการผู้ใช้'),
(1681, 'th', 154, 'ลบผู้ใช้'),
(1682, 'th', 155, 'ชื่อล็อกอิน'),
(1683, 'th', 163, 'เลือกสหภาพ'),
(1684, 'th', 164, 'เลือกสโมสร'),
(1685, 'th', 165, 'รหัสประจำตัว'),
(1686, 'th', 166, 'โมดูล'),
(1687, 'th', 169, 'รายการสิทธิ์การดำเนินการ'),
(1688, 'th', 170, 'สร้างสิทธิ์การดำเนินการ'),
(1689, 'th', 171, 'อัพเดตสิทธิ์การดำเนินการ'),
(1690, 'th', 172, 'ลบสิทธิ์ดำเนินการ'),
(1691, 'th', 173, 'จัดการสิทธิ์การดำเนินการ'),
(1692, 'th', 174, 'ดูสิทธิ์การดำเนินการ'),
(1693, 'th', 180, 'รหัสประจำตัวผู้ใช้'),
(1694, 'th', 181, 'รหัสประจำบทบาท'),
(1695, 'th', 182, 'การอ้างอิงบทบาทผู้ใช้'),
(1696, 'th', 183, 'รายการการอ้างอิงบทบาทผู้ใช้'),
(1697, 'th', 184, 'สร้างการอ้างอิงบทบาทผู้ใช้'),
(1698, 'th', 185, 'อัพเดตการอ้างอิงบทบาทผู้ใช้'),
(1699, 'th', 186, 'ลบการอ้างอิงบทบาทผู้ใช้'),
(1700, 'th', 187, 'จัดการการอ้างอิงบทบาทผู้ใช้'),
(1701, 'th', 188, 'ดูการอ้างอิงบทบาทผู้ใช้'),
(1702, 'th', 189, 'ไม่สามารถมอบหมายบทบาทได้ มีบทบาทสำหรับผู้ใช้นี้อยู่แล้ว'),
(1703, 'th', 190, 'บทบาทผู้ใช้'),
(1704, 'th', 192, 'บันทึกข้อมูลแล้ว'),
(1705, 'th', 196, 'จดจำฉัน'),
(1706, 'th', 197, 'โปรดกรอกแบบฟอร์มต่อไปนี้ด้วยข้อมูลประจำตัวในการเข้าสู่ระบบของคุณ'),
(1707, 'th', 198, 'ขอต้อนรับสู่แอปพลิเคชันแต้มต่อของ Quasar Golf'),
(1708, 'th', 199, 'ชื่อผู้ใช้หรือรหัสผ่านไม่ถูกต้อง'),
(1709, 'th', 200, 'จองแล้ว'),
(1710, 'th', 176, 'สิทธิ์การดำเนินการ'),
(1711, 'th', 177, 'รายการบทบาท'),
(1712, 'th', 178, 'ผู้ใช้'),
(1713, 'th', 179, 'มอบหมายบทบาท'),
(1714, 'th', 214, 'จัดการประเทศ'),
(1715, 'th', 215, 'จัดการสหภาพกอล์ฟ'),
(1716, 'th', 216, 'จัดการประเภทสโมสรกอล์ฟ'),
(1717, 'th', 217, 'จัดการสโมสรกอล์ฟ'),
(1718, 'th', 218, 'จัดการสนามกอล์ฟ'),
(1719, 'th', 219, 'จัดการสมาชิกทั้งหมด'),
(1720, 'th', 220, 'จัดการข้อมูลจำเพาะของสนามกอล์ฟ'),
(1721, 'th', 260, 'ตัวจัดการภาษาข้อความป้าย'),
(1722, 'th', 261, 'โมดูล'),
(1723, 'th', 262, 'ภาษา'),
(1724, 'th', 277, 'สโมสรกอล์ฟ'),
(1725, 'th', 292, 'ชื่อสนามกอล์ฟ'),
(1726, 'th', 293, 'คำอธิบาย'),
(1727, 'zh_cn', 111, '前九穴'),
(1728, 'zh_cn', 112, '后九穴'),
(1729, 'zh_cn', 113, '共 18'),
(1730, 'zh_cn', 248, '状态'),
(1731, 'zh_cn', 17, '查看高尔夫联盟'),
(1732, 'zh_cn', 19, '管理高尔夫联盟'),
(1733, 'zh_cn', 21, '删除高尔夫联盟'),
(1734, 'zh_cn', 22, '高尔夫俱乐部类型'),
(1735, 'zh_cn', 23, '高尔夫俱乐部类型说明'),
(1736, 'zh_cn', 24, '创建高尔夫俱乐部类型'),
(1737, 'zh_cn', 25, '查看高尔夫俱乐部类型'),
(1738, 'zh_cn', 26, '更新高尔夫俱乐部类型'),
(1739, 'zh_cn', 27, '管理高尔夫俱乐部类型'),
(1740, 'zh_cn', 28, '列出高尔夫俱乐部类型'),
(1741, 'zh_cn', 29, '删除高尔夫俱乐部类型'),
(1742, 'zh_cn', 35, '建立日期'),
(1743, 'zh_cn', 36, '会员数'),
(1744, 'zh_cn', 37, '管理器名称'),
(1745, 'zh_cn', 38, '主管姓名'),
(1746, 'zh_cn', 39, '专业'),
(1747, 'zh_cn', 40, '差点赛主席'),
(1748, 'zh_cn', 42, '列出高尔夫俱乐部'),
(1749, 'zh_cn', 43, '创建高尔夫俱乐部'),
(1750, 'zh_cn', 45, '删除高尔夫俱乐部'),
(1751, 'zh_cn', 46, '管理高尔夫俱乐部'),
(1752, 'zh_cn', 47, '查看高尔夫俱乐部'),
(1753, 'zh_cn', 247, '缩写名称'),
(1754, 'zh_cn', 50, '生成日期'),
(1755, 'zh_cn', 55, '列出高尔夫球场'),
(1756, 'zh_cn', 56, '查看高尔夫球场'),
(1757, 'zh_cn', 57, '创建高尔夫球场'),
(1758, 'zh_cn', 59, '管理高尔夫球场'),
(1759, 'zh_cn', 60, '删除高尔夫球场'),
(1760, 'zh_cn', 190, '用户角色'),
(1761, 'zh_cn', 192, '保存日期'),
(1762, 'zh_cn', 71, '用户别名'),
(1763, 'zh_cn', 90, '会员俱乐部参考'),
(1764, 'zh_cn', 93, '列出会员俱乐部参考'),
(1765, 'zh_cn', 94, '创建会员俱乐部参考'),
(1766, 'zh_cn', 95, '更新会员俱乐部参考'),
(1767, 'zh_cn', 96, '删除会员俱乐部参考'),
(1768, 'zh_cn', 97, '管理会员俱乐部参考'),
(1769, 'zh_cn', 98, '查看会员俱乐部参考'),
(1770, 'zh_cn', 99, '高尔夫球场说明'),
(1771, 'zh_cn', 104, '临时等级'),
(1772, 'zh_cn', 105, '列出球场说明'),
(1773, 'zh_cn', 106, '创建球场说明'),
(1774, 'zh_cn', 107, '更新球场说明'),
(1775, 'zh_cn', 108, '删除球场说明'),
(1776, 'zh_cn', 109, '管理球场说明'),
(1777, 'zh_cn', 110, '查看球场说明'),
(1778, 'zh_cn', 128, '添加分数'),
(1779, 'zh_cn', 129, '得分'),
(1780, 'zh_cn', 130, '所属俱乐部'),
(1781, 'zh_cn', 131, '所有的俱乐部会员'),
(1782, 'zh_cn', 132, '创建会员分数'),
(1783, 'zh_cn', 136, '球座'),
(1784, 'zh_cn', 137, '添加日期'),
(1785, 'zh_cn', 138, '锦标赛名称'),
(1786, 'zh_cn', 197, '请在下表中填入您的登录凭据'),
(1787, 'zh_cn', 198, '欢迎来到 Quasar 高尔夫差点应用程序'),
(1788, 'zh_cn', 199, '用户名或密码不正确'),
(1789, 'zh_tr', 196, '記住我'),
(1790, 'zh_tr', 197, '請使用您的登入資料，填寫以下表格'),
(1791, 'zh_tr', 198, '歡迎使用 Quasar 高爾夫球差桿應用程式'),
(1792, 'zh_tr', 199, '不正確的使用者名稱或密碼'),
(1793, 'zh_cn', 200, '已保留'),
(1794, 'zh_tr', 200, '保留'),
(1795, 'zh_tr', 201, '首頁'),
(1796, 'zh_tr', 149, '建立使用者'),
(1797, 'zh_tr', 150, '更新使用者'),
(1798, 'zh_tr', 151, '列出使用者'),
(1799, 'zh_tr', 152, '檢視使用者'),
(1800, 'zh_tr', 153, '管理使用者'),
(1801, 'zh_tr', 154, '刪除使用者'),
(1802, 'zh_tr', 155, '登入名稱'),
(1803, 'zh_tr', 158, '高爾夫球俱樂部'),
(1804, 'zh_tr', 161, '使用者 ID'),
(1805, 'zh_tr', 162, '高爾夫球協會'),
(1806, 'zh_tr', 163, '選擇協會'),
(1807, 'zh_cn', 176, '操作权限'),
(1808, 'zh_cn', 177, '列出角色'),
(1809, 'zh_cn', 179, '分配角色'),
(1810, 'zh_cn', 205, '站点管理员'),
(1811, 'zh_cn', 208, '高尔夫俱乐部类型'),
(1812, 'zh_cn', 211, '球场说明'),
(1813, 'zh_cn', 214, '管理国家'),
(1814, 'zh_cn', 215, '管理高尔夫联盟'),
(1815, 'zh_cn', 216, '管理高尔夫俱乐部类型'),
(1816, 'zh_cn', 217, '管理高尔夫俱乐部'),
(1817, 'zh_cn', 218, '管理高尔夫球场'),
(1818, 'zh_cn', 219, '管理所有会员'),
(1819, 'zh_cn', 220, '管理高尔夫球场说明'),
(1820, 'zh_cn', 260, '标签文本语言管理器'),
(1821, 'zh_cn', 261, '模块'),
(1822, 'zh_cn', 262, '语言'),
(1823, 'zh_tr', 176, '動作許可'),
(1824, 'zh_tr', 177, '列出角色'),
(1825, 'zh_tr', 179, '指派角色'),
(1826, 'zh_tr', 205, '場地經理'),
(1827, 'zh_tr', 206, '國家'),
(1828, 'zh_tr', 207, '高爾夫球協會'),
(1829, 'zh_tr', 208, '高爾夫球俱樂部類型'),
(1830, 'zh_tr', 209, '高爾夫球場'),
(1831, 'zh_tr', 211, '球場規格'),
(1832, 'zh_tr', 212, '俱樂部會員'),
(1833, 'zh_tr', 213, '高爾夫球俱樂部'),
(1834, 'zh_tr', 214, '管理國家'),
(1835, 'zh_tr', 215, '管理高爾夫球協會'),
(1836, 'zh_tr', 216, '管理高爾夫球俱樂部類型'),
(1837, 'zh_tr', 217, '管理高爾夫球俱樂部'),
(1838, 'zh_tr', 218, '管理高爾夫球場'),
(1839, 'zh_tr', 219, '管理所有會員'),
(1840, 'zh_tr', 220, '管理高爾夫球場規格'),
(1841, 'zh_cn', 293, '主管姓名'),
(1842, 'zh_cn', 315, '高尔夫俱乐部'),
(1843, 'zh_cn', 141, '所打球洞'),
(1844, 'zh_cn', 142, '列出分数'),
(1845, 'zh_cn', 143, '选择球场'),
(1846, 'zh_cn', 144, '选择球座'),
(1847, 'zh_cn', 145, '得分'),
(1848, 'zh_cn', 149, '创建用户'),
(1849, 'zh_cn', 150, '更新用户'),
(1850, 'zh_cn', 151, '列出用户'),
(1851, 'zh_cn', 152, '查看用户'),
(1852, 'zh_cn', 153, '管理用户'),
(1853, 'zh_cn', 154, '删除用户'),
(1854, 'zh_cn', 155, '登录名'),
(1855, 'zh_cn', 161, '用户 ID'),
(1856, 'zh_cn', 163, '选择联盟'),
(1857, 'zh_cn', 165, 'ID'),
(1858, 'zh_cn', 166, '模块'),
(1859, 'zh_cn', 168, '操作权限'),
(1860, 'zh_cn', 170, '创建操作权限'),
(1861, 'zh_cn', 172, '删除操作权限'),
(1862, 'zh_cn', 169, '列出操作权限'),
(1863, 'zh_cn', 171, '更新操作权限'),
(1864, 'zh_cn', 173, '管理操作权限'),
(1865, 'zh_cn', 174, '查看操作权限'),
(1866, 'zh_cn', 180, '用户 ID'),
(1867, 'zh_cn', 181, '角色 ID'),
(1868, 'zh_cn', 182, '用户角色参考'),
(1869, 'zh_cn', 183, '列出用户角色参考'),
(1870, 'zh_cn', 184, '创建用户角色参考'),
(1871, 'zh_cn', 185, '更新用户角色参考'),
(1872, 'zh_cn', 186, '删除用户角色参考'),
(1873, 'zh_cn', 187, '管理用户角色参考'),
(1874, 'zh_cn', 188, '查看用户角色参考'),
(1875, 'zh_cn', 189, '无法分配角色。该用户的角色已存在'),
(1876, 'zh_tr', 3, '建立國家'),
(1877, 'zh_tr', 4, '檢視國家'),
(1878, 'zh_tr', 5, '更新國家'),
(1879, 'zh_tr', 6, '管理國家'),
(1880, 'zh_tr', 10, '列出國家'),
(1881, 'zh_tr', 11, '刪除國家'),
(1882, 'zh_tr', 267, '國家'),
(1883, 'zh_tr', 7, '進階搜尋'),
(1884, 'zh_tr', 111, '前九洞'),
(1885, 'zh_tr', 112, '後九洞'),
(1886, 'zh_tr', 113, '全部 18 洞'),
(1887, 'zh_tr', 114, '評分'),
(1888, 'zh_tr', 115, '斜坡'),
(1889, 'zh_tr', 119, '索引'),
(1890, 'zh_tr', 120, '後九洞'),
(1891, 'zh_tr', 121, '前九洞'),
(1892, 'zh_tr', 245, '取消'),
(1893, 'zh_tr', 246, '取消'),
(1894, 'zh_tr', 248, '狀態'),
(1895, 'zh_tr', 249, '緯度'),
(1896, 'zh_tr', 250, '經度'),
(1897, 'zh_tr', 313, '男性'),
(1898, 'zh_tr', 314, '女性'),
(1899, 'zh_tr', 13, '協會'),
(1900, 'zh_tr', 14, '協會名稱'),
(1901, 'zh_tr', 15, '國家'),
(1902, 'zh_tr', 16, '建立高爾夫球協會'),
(1903, 'zh_tr', 17, '檢視高爾夫球協會'),
(1904, 'zh_tr', 18, '更新高爾夫球協會'),
(1905, 'zh_tr', 19, '管理高爾夫球協會'),
(1906, 'zh_tr', 20, '列出高爾夫球協會'),
(1907, 'zh_tr', 21, '刪除高爾夫球協會'),
(1908, 'zh_tr', 132, '建立會員桿數'),
(1909, 'zh_tr', 136, '球座'),
(1910, 'zh_tr', 137, '新增日期'),
(1911, 'zh_tr', 138, '錦標賽名稱'),
(1912, 'zh_tr', 139, '總桿數'),
(1913, 'zh_tr', 140, '已調整'),
(1914, 'zh_tr', 141, '已打洞數'),
(1915, 'zh_tr', 142, '列出桿數'),
(1916, 'zh_tr', 143, '選擇高爾夫球場'),
(1917, 'zh_tr', 144, '選擇球座'),
(1918, 'zh_tr', 145, '取得桿數'),
(1919, 'zh_tr', 146, '提交'),
(1920, 'zh_tr', 147, '差桿數'),
(1921, 'zh_tr', 148, '高爾夫球場差桿'),
(1922, 'zh_tr', 256, '高爾夫球俱樂部'),
(1923, 'zh_tr', 270, '星期日'),
(1924, 'zh_tr', 271, '星期一'),
(1925, 'zh_tr', 272, '星期二'),
(1926, 'zh_tr', 273, '星期三'),
(1927, 'zh_tr', 274, '星期四'),
(1928, 'zh_tr', 275, '星期五'),
(1929, 'zh_tr', 276, '星期六'),
(1930, 'zh_tr', 99, '高爾夫球場規格'),
(1931, 'zh_tr', 104, '臨時評分'),
(1932, 'zh_tr', 105, '列出球場規格'),
(1933, 'zh_tr', 106, '建立球場規格'),
(1934, 'zh_tr', 107, '更新球場規格'),
(1935, 'zh_tr', 108, '刪除球場規格'),
(1936, 'zh_tr', 109, '管理球場規格'),
(1937, 'zh_tr', 110, '檢視球場規格'),
(1938, 'zh_tr', 243, '高爾夫球俱樂部名稱'),
(1939, 'zh_tr', 244, '高爾夫球場名稱'),
(1940, 'zh_tr', 12, '代表必填欄目'),
(1941, 'zh_tr', 22, '高爾夫球俱樂部類型'),
(1942, 'zh_tr', 23, '高爾夫球俱樂部類型說明'),
(1943, 'zh_tr', 24, '建立高爾夫球俱樂部類型'),
(1944, 'zh_tr', 25, '檢視高爾夫球俱樂部類型'),
(1945, 'zh_tr', 26, '更新高爾夫球俱樂部類型'),
(1946, 'zh_tr', 27, '管理高爾夫球俱樂部類型'),
(1947, 'zh_tr', 28, '列出高爾夫球俱樂部類型'),
(1948, 'zh_tr', 29, '刪除高爾夫球俱樂部類型'),
(1949, 'zh_tr', 65, '會員 ID'),
(1950, 'zh_tr', 66, '會員稱謂'),
(1951, 'zh_tr', 69, '暱稱（名字）'),
(1952, 'zh_tr', 70, '暱稱（姓氏）'),
(1953, 'zh_tr', 71, '更新暱稱'),
(1954, 'zh_tr', 73, '婚姻狀態'),
(1955, 'zh_tr', 75, '會員狀態'),
(1956, 'zh_tr', 78, '次要地址'),
(1957, 'zh_tr', 79, '已婚'),
(1958, 'zh_tr', 80, '未婚'),
(1959, 'zh_tr', 83, '列出會員'),
(1960, 'zh_tr', 84, '建立會員'),
(1961, 'zh_tr', 85, '更新會員'),
(1962, 'zh_tr', 86, '刪除會員'),
(1963, 'zh_tr', 87, '管理會員'),
(1964, 'zh_tr', 88, '檢視會員'),
(1965, 'zh_tr', 89, '指派到俱樂部'),
(1966, 'zh_tr', 229, '協會會員 ID'),
(1967, 'zh_tr', 90, '會員俱樂部參考編號'),
(1968, 'zh_tr', 93, '列出會員俱樂部參考編號'),
(1969, 'zh_tr', 94, '建立會員俱樂部參考編號'),
(1970, 'zh_tr', 95, '更新會員俱樂部參考編號'),
(1971, 'zh_tr', 96, '刪除會員俱樂部參考編號'),
(1972, 'zh_tr', 97, '管理會員俱樂部參考編號'),
(1973, 'zh_tr', 98, '檢視會員俱樂部參考編號'),
(1974, 'zh_tr', 123, '會員 ID'),
(1975, 'zh_tr', 127, '電話'),
(1976, 'zh_tr', 128, '新增桿數'),
(1977, 'zh_tr', 129, '取得桿數'),
(1978, 'zh_tr', 130, '為此組織會員'),
(1979, 'zh_tr', 131, '所有俱樂部的會員'),
(1980, 'zh_tr', 30, '高爾夫球俱樂部'),
(1981, 'zh_tr', 31, '高爾夫球俱樂部 ID'),
(1982, 'zh_tr', 32, '高爾夫球俱樂部名稱'),
(1983, 'zh_tr', 35, '成立日期'),
(1984, 'zh_tr', 36, '會員數目'),
(1985, 'zh_tr', 37, '管理員姓名'),
(1986, 'zh_tr', 38, '指導員姓名'),
(1987, 'zh_tr', 39, '專業'),
(1988, 'zh_tr', 40, '差桿總裁'),
(1989, 'zh_tr', 41, '高爾夫球協會'),
(1990, 'zh_tr', 42, '列出高爾夫球俱樂部'),
(1991, 'zh_tr', 43, '建立高爾夫球俱樂部'),
(1992, 'zh_tr', 44, '更新高爾夫球俱樂部'),
(1993, 'zh_tr', 45, '刪除高爾夫球俱樂部'),
(1994, 'zh_tr', 46, '管理高爾夫球俱樂部'),
(1995, 'zh_tr', 47, '檢視高爾夫球俱樂部'),
(1996, 'zh_tr', 49, '高爾夫球場名稱'),
(1997, 'zh_tr', 50, '建立日期'),
(1998, 'zh_tr', 51, '架構師姓名'),
(1999, 'zh_tr', 52, '球洞'),
(2000, 'zh_tr', 54, '俱樂部'),
(2001, 'zh_tr', 55, '列出高爾夫球場'),
(2002, 'zh_tr', 56, '檢視高爾夫球場'),
(2003, 'zh_tr', 57, '建立高爾夫球場'),
(2004, 'zh_tr', 58, '更新高爾夫球場'),
(2005, 'zh_tr', 59, '管理高爾夫球場'),
(2006, 'zh_tr', 60, '刪除高爾夫球場'),
(2007, 'zh_tr', 64, '高爾夫球場 ID'),
(2008, 'zh_tr', 165, 'ID'),
(2009, 'zh_tr', 166, '模組'),
(2010, 'zh_tr', 168, '動作許可'),
(2011, 'zh_tr', 169, '列出動作許可'),
(2012, 'zh_tr', 170, '建立動作許可'),
(2013, 'zh_tr', 171, '更新動作許可'),
(2014, 'zh_tr', 172, '刪除動作許可'),
(2015, 'zh_tr', 173, '管理動作許可'),
(2016, 'zh_tr', 174, '檢視動作許可'),
(2017, 'zh_tr', 180, '使用者 ID'),
(2018, 'zh_tr', 181, '角色 ID'),
(2019, 'zh_tr', 182, '使用者角色參考編號'),
(2020, 'zh_tr', 183, '列出使用者角色參考編號'),
(2021, 'zh_tr', 184, '建立使用者角色參考編號'),
(2022, 'zh_tr', 185, '更新使用者角色參考編號'),
(2023, 'zh_tr', 186, '刪除使用者角色參考編號'),
(2024, 'zh_tr', 187, '管理使用者角色參考編號'),
(2025, 'zh_tr', 188, '檢視使用者角色參考編號'),
(2026, 'zh_tr', 189, '無法指派角色。該使用者已經存在一個角色'),
(2027, 'zh_tr', 190, '使用者角色'),
(2028, 'zh_tr', 191, '提交'),
(2029, 'zh_tr', 192, '儲存日期'),
(2030, 'zh_tr', 242, '高爾夫球俱樂部編號'),
(2031, 'zh_tr', 261, '模組'),
(2032, 'zh_tr', 263, '提交'),
(2033, 'zh_tr', 260, '標籤文字語言管理員'),
(2034, 'zh_tr', 262, '語言'),
(2035, 'ja', 3, '国の作成'),
(2036, 'ja', 4, '国の表示'),
(2037, 'ja', 5, '国の更新'),
(2038, 'ja', 6, 'コースの管理'),
(2039, 'ja', 11, '国の削除'),
(2040, 'ja', 267, '国'),
(2041, 'ja', 7, '詳細検索'),
(2042, 'ja', 12, '必須入力欄'),
(2043, 'ja', 114, '評価'),
(2044, 'ja', 115, 'スロープ'),
(2045, 'ja', 119, 'インデックス'),
(2046, 'ja', 246, 'キャンセル'),
(2047, 'ja', 313, '男性'),
(2048, 'ja', 314, '女性'),
(2049, 'ja', 14, '連盟名'),
(2050, 'ja', 15, '国'),
(2051, 'ja', 16, 'ゴルフ連盟の作成'),
(2052, 'ja', 17, 'ゴルフ連盟の表示'),
(2053, 'ja', 18, 'ゴルフ連盟の更新'),
(2054, 'ja', 19, 'ゴルフ連盟の管理'),
(2055, 'ja', 20, 'ゴルフ連盟を一覧表示'),
(2056, 'ja', 21, 'ゴルフ連盟の削除'),
(2057, 'ja', 22, 'ゴルフ クラブ タイプ'),
(2058, 'ja', 23, 'ゴルフ クラブ タイプの説明'),
(2059, 'ja', 24, 'ゴルフ クラブ タイプの作成'),
(2060, 'ja', 25, 'ゴルフ クラブ タイプの表示'),
(2061, 'ja', 26, 'ゴルフ クラブ タイプの更新'),
(2062, 'ja', 27, 'ゴルフ クラブ タイプの管理'),
(2063, 'ja', 28, 'ゴルフ クラブ タイプを一覧表示'),
(2064, 'ja', 29, 'ゴルフ クラブ タイプの削除'),
(2065, 'ja', 31, 'ゴルフ クラブ ID'),
(2066, 'ja', 35, '設立日'),
(2067, 'ja', 36, '会員数'),
(2068, 'ja', 37, '名前の管理'),
(2069, 'ja', 43, 'ゴルフ クラブの作成'),
(2070, 'ja', 44, 'ゴルフ クラブの更新'),
(2071, 'ja', 45, 'ゴルフ クラブの削除'),
(2072, 'ja', 46, 'ゴルフ クラブの管理'),
(2073, 'ja', 47, 'ゴルフ クラブの表示'),
(2074, 'ja', 242, 'ゴルフ クラブ番号'),
(2075, 'ja', 247, '略称'),
(2076, 'ja', 50, '作成日'),
(2077, 'ja', 51, '設計者名'),
(2078, 'ja', 56, 'ゴルフ コースの表示'),
(2079, 'ja', 57, 'ゴルフ コースの作成'),
(2080, 'ja', 58, 'ゴルフ コースの更新'),
(2081, 'ja', 59, 'ゴルフ コースの管理'),
(2082, 'ja', 60, 'ゴルフ コースの削除'),
(2083, 'ja', 64, 'ゴルフ コース ID'),
(2084, 'ja', 65, '会員ID'),
(2085, 'ja', 69, 'ニックネーム (名)'),
(2086, 'ja', 70, 'ニックネーム (姓)'),
(2087, 'ja', 71, 'ニックネームの使用'),
(2088, 'ja', 73, '配偶者の有無'),
(2089, 'ja', 75, '会員ステータス'),
(2090, 'ja', 78, 'その他の住所'),
(2091, 'ja', 79, '既婚'),
(2092, 'ja', 80, '未婚'),
(2093, 'ja', 84, '会員の作成'),
(2094, 'ja', 85, '会員の更新'),
(2095, 'ja', 86, '会員の削除'),
(2096, 'ja', 87, '会員の管理'),
(2097, 'ja', 88, '会員の表示'),
(2098, 'ja', 89, 'クラブに割り当て'),
(2099, 'ja', 229, '連盟会員ID'),
(2100, 'ja', 90, '会員クラブの照会'),
(2101, 'ja', 93, '会員クラブの照会を一覧表示'),
(2102, 'ja', 94, '会員クラブの照会の作成'),
(2103, 'ja', 95, '会員クラブの照会の更新'),
(2104, 'ja', 96, '会員クラブの照会の削除'),
(2105, 'ja', 97, '会員クラブの照会の管理'),
(2106, 'ja', 98, '会員クラブの照会の表示'),
(2107, 'ja', 103, '9ホール'),
(2108, 'ja', 104, '暫定評価'),
(2109, 'ja', 105, 'コースの詳細を一覧表示'),
(2110, 'ja', 106, 'コースの詳細の作成'),
(2111, 'ja', 107, 'コースの詳細の更新'),
(2112, 'ja', 108, 'コースの詳細の削除'),
(2113, 'ja', 109, 'コースの詳細の管理'),
(2114, 'ja', 110, 'コースの詳細を表示'),
(2115, 'ja', 123, '会員ID'),
(2116, 'ja', 128, 'スコアの追加'),
(2117, 'ja', 129, 'スコアの取得'),
(2118, 'ja', 130, '所属先'),
(2119, 'ja', 131, '全部クラブの会員'),
(2120, 'ja', 132, '会員スコアの作成'),
(2121, 'ja', 137, '追加日'),
(2122, 'ja', 139, '合計'),
(2123, 'ja', 140, '調整後'),
(2124, 'ja', 141, 'プレーしたホール'),
(2125, 'ja', 142, 'スコアを一覧表示'),
(2126, 'ja', 143, 'コースの選択'),
(2127, 'ja', 144, 'ティーの選択'),
(2128, 'ja', 145, 'スコアの取得'),
(2129, 'ja', 146, '送信'),
(2130, 'ja', 148, 'コース ハンディキャップ'),
(2131, 'ja', 270, '日曜日'),
(2132, 'ja', 271, '月曜日'),
(2133, 'ja', 272, '火曜日'),
(2134, 'ja', 273, '水曜日'),
(2135, 'ja', 274, '木曜日'),
(2136, 'ja', 275, '金曜日'),
(2137, 'ja', 276, '土曜日'),
(2138, 'ja', 149, 'ユーザーの作成'),
(2139, 'ja', 150, 'ユーザーの更新'),
(2140, 'ja', 151, 'ユーザーを一覧表示'),
(2141, 'ja', 152, 'ユーザーの表示'),
(2142, 'ja', 153, 'ユーザーの管理'),
(2143, 'ja', 154, 'ユーザーの削除'),
(2144, 'ja', 155, 'ログイン名'),
(2145, 'ja', 161, 'ユーザーID'),
(2146, 'ja', 163, '連盟の選択'),
(2147, 'ja', 164, 'クラブの選択'),
(2148, 'ja', 165, 'ID'),
(2149, 'ja', 166, 'モジュール'),
(2150, 'ja', 169, 'アクションの許可を一覧表示'),
(2151, 'ja', 170, 'アクションの許可の作成'),
(2152, 'ja', 171, 'アクションの許可の更新'),
(2153, 'ja', 172, 'アクションの許可の削除'),
(2154, 'ja', 173, 'アクションの許可の管理'),
(2155, 'ja', 174, 'アクションの許可の表示'),
(2156, 'ja', 180, 'ユーザーID'),
(2157, 'ja', 181, 'ロールID'),
(2158, 'ja', 182, 'ユーザー ロールの照会'),
(2159, 'ja', 183, 'ユーザー ロールの照会を一覧表示'),
(2160, 'ja', 184, 'ユーザー ロールの照会の作成'),
(2161, 'ja', 185, 'ユーザー ロールの照会の更新'),
(2162, 'ja', 186, 'ユーザー ロールの照会の削除'),
(2163, 'ja', 187, 'ユーザー ロールの照会の管理'),
(2164, 'ja', 188, 'ユーザー ロールの照会の表示'),
(2165, 'ja', 189, 'ロールを割り当てられません。このユーザーにロールがすでに存在します'),
(2166, 'ja', 190, 'ユーザー ロール'),
(2167, 'ja', 191, '送信'),
(2168, 'ja', 192, 'データを保存しました'),
(2169, 'ja', 196, '記憶する'),
(2170, 'ja', 197, '以下のフォームにログイン情報を入力してください'),
(2171, 'ja', 198, 'Quasar Golfハンディキャップ アプリケーションにようこそ'),
(2172, 'ja', 199, 'ユーザー名またはパスワードが正しくありません'),
(2173, 'ja', 200, '予約済み'),
(2174, 'ja', 201, 'ホーム'),
(2175, 'ja', 202, 'ユーザー マネージャー'),
(2176, 'ja', 203, '設定'),
(2177, 'ja', 204, 'ログアウト'),
(2178, 'ja', 177, 'ロールを一覧表示'),
(2179, 'ja', 179, 'ロールの割り当て'),
(2180, 'ja', 205, 'サイト マネージャー'),
(2181, 'ja', 206, '国'),
(2182, 'ja', 208, 'ゴルフ クラブ タイプ'),
(2183, 'ja', 212, 'クラブ会員'),
(2184, 'ja', 214, 'コースの管理'),
(2185, 'ja', 215, 'ゴルフ連盟の管理'),
(2186, 'ja', 216, 'ゴルフ クラブ タイプの管理'),
(2187, 'ja', 217, 'ゴルフ クラブの管理'),
(2188, 'ja', 218, 'ゴルフ コースの管理'),
(2189, 'ja', 219, '全会員の管理'),
(2190, 'ja', 220, 'ゴルフ コースの詳細の管理'),
(2191, 'ja', 260, 'ラベル テキスト言語マネージャー'),
(2192, 'ja', 261, 'モジュール'),
(2193, 'ja', 262, '言語'),
(2194, 'ja', 263, '送信'),
(2195, 'ja', 290, '説明'),
(2196, 'ja', 315, 'ゴルフ クラブ'),
(2197, 'ja', 307, ' ေသာၾကာေန႔၊ '),
(2198, 'lo', 1, 'ຊື່ ປະເທດ'),
(2199, 'lo', 2, 'ປະເທດ'),
(2200, 'lo', 3, 'ສ້າງ ປະເທດຕ່າງໆ'),
(2201, 'lo', 4, 'ກວດເບີ່ງ ປະເທດ'),
(2202, 'lo', 5, 'ປັບປຸງ ລາຍຊື່ຂອງປະເທດຕ່າງໆ'),
(2203, 'lo', 6, 'ຄວບຄຸມປະເທດຕ່າງໆ'),
(2204, 'lo', 10, 'ລາຍຊື່ປະເທດ'),
(2205, 'lo', 11, 'ລົບລ້າງ ປະເທດຕ່າງໆ'),
(2206, 'lo', 267, 'ປະເທດຕ່າງໆ'),
(2207, 'lo', 309, 'ລະຫັດໂທລະສັບຂອງປະເທດ'),
(2208, 'lo', 310, 'ລະຫັດປະເທດ ອານຟາ ສາມ'),
(2209, 'lo', 311, 'ລະຫັດປະເທດ ໄອຊີໂອ'),
(2210, 'fr', 335, 'def stat'),
(2211, 'lo', 7, 'ຄົ້ນຫາລ່ວງໜ້າ'),
(2212, 'lo', 8, 'ສ້າງຂື້ນ'),
(2213, 'lo', 9, 'ບັນທຶກ'),
(2214, 'lo', 12, 'ສ້າງຂື້ນ'),
(2215, 'lo', 72, 'ໂທລະສັບ'),
(2216, 'lo', 77, 'ທີ່ຢູ່ ແຖວທີ 1'),
(2217, 'lo', 111, 'ເກົ້າເກມທຳອິດ'),
(2218, 'lo', 112, 'ເຄິ່ງຂອງຮອບທີ່ສອງ'),
(2219, 'lo', 113, 'ທັ່ງໝົດ 18 ຂຸມ'),
(2220, 'lo', 114, 'ລຳດັບ'),
(2221, 'lo', 115, 'ເສັ້ນ ສະໂຣບ'),
(2222, 'lo', 116, 'ຫຼຸມ/ຂຸມ'),
(2223, 'lo', 117, 'ບໍລິເວນເດີ່ນ'),
(2224, 'lo', 118, 'ພາ'),
(2225, 'lo', 119, 'ດັດສະນີ'),
(2226, 'lo', 122, 'ລວມ'),
(2227, 'lo', 223, 'ທີ່ຢູ່ ແຖວທີ 2'),
(2228, 'lo', 224, 'ເມືອງຫຼວງ'),
(2229, 'lo', 225, 'ລັດ ຫລື ແຂວງ'),
(2230, 'lo', 226, 'ລະຫັດໄປສະນີ'),
(2231, 'lo', 227, 'ປະເທດ'),
(2232, 'lo', 233, 'ອີເມວ'),
(2233, 'lo', 234, 'ເບີໂທລະສັບ'),
(2234, 'lo', 235, 'ເວບໄຊ'),
(2235, 'lo', 241, 'ໂທລະສັບ'),
(2236, 'lo', 245, 'ຍົກເລີກ'),
(2237, 'lo', 246, 'ຍົກເລີກ'),
(2238, 'lo', 248, 'ສະຖານະພາບ'),
(2239, 'lo', 249, 'ເສັ້ນແວງ'),
(2240, 'lo', 250, 'ເສັ້ນຂະໜານ'),
(2241, 'lo', 313, 'ເພດຊາຍ'),
(2242, 'lo', 314, 'ເພດຍີງ'),
(2243, 'lo', 13, 'ເລກໝາຍຂອງສະມາຄົມ'),
(2244, 'lo', 14, 'ຊື່ສະມາຄົມ'),
(2245, 'lo', 15, 'ປະເທດຂອງສະຫະພັນ'),
(2246, 'lo', 16, 'ສ້າງສະຫະພັນກັອຟ'),
(2247, 'lo', 17, 'ກວດເບີ່ງ ສະຫະພັນກັອຟ'),
(2248, 'lo', 18, 'ປັບປຸງ ສະຫະພັນກັອຟ'),
(2249, 'lo', 19, 'ຄວບຄຸມສະຫະພັນກັອຟ'),
(2250, 'lo', 20, 'ລາຍຊື່ສາຫະພັນກັອຟ'),
(2251, 'lo', 21, 'ລົບລ້າງ ສາຫະພັນກັອຟ'),
(2252, 'lo', 268, 'ສະມາຄົມຕ່າງໆ'),
(2253, 'lo', 22, 'ປະເພດຂອງສະໂມສອນ ກັອຟ'),
(2254, 'lo', 23, 'ລາຍລະອຽດປະເພດ ຂອງສະໂມສອນ ກັອຟ'),
(2255, 'lo', 24, 'ສ້າງປະເພດສະໂມສອນກັອຟ'),
(2256, 'lo', 25, 'ກວດເບີ່ງ ປະເພດສະໂມສອນຂອງກັອຟ'),
(2257, 'lo', 26, 'ປັບປຸງ ປະເພດຂອງສະໂມສອນກັອຟ'),
(2258, 'lo', 27, 'ຄອບຄຸມປະເພດຕ່າງໆ ຂອງສະໂມສອນກັອຟ'),
(2259, 'lo', 28, 'າຍຊື່ປະເພດສະໂມສອນໂຄງການ'),
(2260, 'lo', 29, 'ລົບລ້າງ ປະເພດສະໂມສອນກັອຟ'),
(2261, 'lo', 269, 'ນ້ຳເບີຂອງຊະນິດສະໂມສອນ ກັອຟ'),
(2262, 'lo', 36, 'ຈຳນວນສະມາຊິກ'),
(2263, 'lo', 37, 'ຄວບຄຸມຊື່'),
(2264, 'lo', 39, 'ຊ່ຽວຊານ'),
(2265, 'lo', 44, 'ປັບປຸງ ສະໂມສອນກັອຟ'),
(2266, 'lo', 46, 'ຄວບຄຸມສະໂມສອນກັອຟຕ່າງໆ'),
(2267, 'lo', 47, 'ກວດເບີ່ງ ສະໂມສອນຂອງກັອຟ'),
(2268, 'lo', 334, 'ຈະຕ້ອງເຮັດເປັນຕົວເລກ'),
(2269, 'lo', 30, 'ສະໂມສອນ ກັອຟ'),
(2270, 'lo', 31, 'ເລກລະຫັດສະໂມສອນ ກັອຟ'),
(2271, 'lo', 32, 'ຊື່ ຂອງສະໂມສອນ ກັອຟ'),
(2272, 'lo', 33, 'ທີ່ຢູ່'),
(2273, 'lo', 34, 'ເນື້ອໃນລາຍການ'),
(2274, 'lo', 35, 'ວັນທີ່ ກໍ່ຕັ້ງ'),
(2275, 'lo', 38, 'ຊື່ ຜູ້ອຳນວຍການ'),
(2276, 'lo', 40, 'ປະທານເຂດທີ່ເປັນແຕ້ມຕໍ່'),
(2277, 'lo', 41, 'ສາຫະພັນ ກັອຟ'),
(2278, 'lo', 42, 'ລາຍຊື່ສະໂມສອນກັອຟ'),
(2279, 'lo', 43, 'ສ້າງສະໂມສອນກອັຟ'),
(2280, 'lo', 45, 'ລົບລ້າງ ສະໂມສອນກັອຟ'),
(2281, 'lo', 242, 'ນ້ຳເບີ ຂອງສະໂມສອນ ກັອຟ'),
(2282, 'lo', 247, 'ຊື່ຫຍໍ້'),
(2283, 'lo', 304, 'ຂໍ້ມູນດ້ານພາສາ'),
(2284, 'lo', 48, 'ສະໜາມ ກັອຟ'),
(2285, 'lo', 49, 'ຊື່ ສະໜາມກັອຟ'),
(2286, 'lo', 50, 'ວັນທີ່ ສ້າງຕັ້ງຂື້ນ'),
(2287, 'lo', 51, 'ຊື່ນັກສະຖາປະນິກ'),
(2288, 'lo', 52, 'ຫຼາຍຂຸມ'),
(2289, 'lo', 53, 'ເນື້ອໃນລາຍການ'),
(2290, 'lo', 54, 'ສະໂມສອນ'),
(2291, 'lo', 55, 'ລາຍຊື່ຂອງສະໜາມກັອຟ'),
(2292, 'lo', 56, 'ກວດເບີ່ງ ສະໜາມກັອຟ'),
(2293, 'lo', 57, 'ສ້າງສະໜາມກັອຟ'),
(2294, 'lo', 58, 'ປັບປຸງ ສະໜາມ ກັອຟ'),
(2295, 'lo', 59, 'ຄວບຄຸມສະໜາມກັອຟຕ່າງໆ '),
(2296, 'lo', 60, 'ລົບລ້າງ ສະໜາມກັອຟ'),
(2297, 'lo', 64, 'ລະຫັດຂອງສະໜາມ ກັອຟ'),
(2298, 'lo', 305, 'ຂໍ້ມູນດ້ານພາສາ'),
(2299, 'lo', 65, 'ເລກບັດຂອງສະມາຊິກ'),
(2300, 'lo', 66, 'ຫົວຂໍ້ ສະມາຊິກ'),
(2301, 'lo', 67, 'ຊື່'),
(2302, 'lo', 68, 'ນາມສະກຸນ'),
(2303, 'lo', 69, 'ຊື່ ຫຼີ້ນ (ຊື່ແທ້)'),
(2304, 'lo', 70, 'ຊື່ ຫຼີ້ນ (ນາມສະກຸນ)'),
(2305, 'lo', 71, 'ໃຊ້ຊື່ຫຼີ້ນ'),
(2306, 'lo', 73, 'ສະຖານະພາບ'),
(2307, 'lo', 74, 'ຊະນິດຂອງສະມາຊິກ'),
(2308, 'lo', 75, 'ຖານະຂອງສະມາຊິກ'),
(2309, 'lo', 78, 'ທີ່ຢູ່ສຳຮອງ'),
(2310, 'lo', 79, 'ແຕາງງານແລ້ວ'),
(2311, 'lo', 80, 'ບໍ່ທັນແຕ່ງງານ'),
(2312, 'lo', 82, 'ບັນດາສະມາຊິກ'),
(2313, 'lo', 83, 'ລາຍຊື່ສະມາຊິກ'),
(2314, 'lo', 85, 'ປັບປຸງ ສຳມະຊິກ'),
(2315, 'lo', 87, 'ຄຸ້ມຄອງສະມາຊິກ'),
(2316, 'lo', 88, 'ກວດເບີ່ງ ສະມາຊິກ'),
(2317, 'lo', 89, 'ກຳນົດໃຫ້ສະໂມສອນ'),
(2318, 'lo', 228, 'ນ້ຳເບີໂທລະຊັບມືຖື'),
(2319, 'lo', 229, 'ເລກບັດສະມາຊິກຂອງສະມາຄົມ'),
(2320, 'lo', 230, 'ທີ່ຢູ່ຕົ້ນຕໍ'),
(2321, 'lo', 231, 'ຮູບແບບໃນການສະແດງຊື່'),
(2322, 'lo', 307, 'ສັນຊາດ'),
(2323, 'lo', 308, 'ພາສາທີ່ຕ້ອງການ'),
(2324, 'lo', 312, 'ພາບຂໍ້ມູນ'),
(2325, 'lo', 76, 'ເພດ'),
(2326, 'lo', 81, 'ວັນ ເດືອນ ປີເກີດ'),
(2327, 'lo', 84, 'ສ້າງສະມາຊິກ'),
(2328, 'lo', 86, 'ລົບລ້າງ ສະມາຊິກ'),
(2329, 'lo', 232, 'ລະຫັດປະເທດ'),
(2330, 'lo', 200, 'ສັງເກດການ'),
(2331, 'lo', 201, 'ເຮືອນ'),
(2332, 'lo', 202, 'ຜູ້ນຳໃຊ້ທີ່ເປັນຜູ້ຈັດການ'),
(2333, 'lo', 203, 'ຕິດຕັ້ງ'),
(2334, 'lo', 204, 'ອອກຈາກລະບົບ');
INSERT INTO `lng_text_translated` (`translated_label_id`, `language_code`, `english_label_id`, `translated_label_text`) VALUES
(2335, 'lo', 90, 'ເອກະສານອ້າງອີງຂອງສະມາຊິກ'),
(2336, 'lo', 91, 'ສະມາຊິກ'),
(2337, 'lo', 92, 'ສະໂມສອນ ກັອຟ'),
(2338, 'lo', 93, 'ລາຍຊື່ຂອງສະມາຊິກຂອງສະໂມສອນ'),
(2339, 'lo', 94, 'ອອກບັດໃຫ້ຜູ້ເປັນສຳມະຊິກຂອງສະໂມສອນ'),
(2340, 'lo', 95, 'ປັບປຸງ ເອກະສານອ້າງອີງຂອງສຳມະຊິກ '),
(2341, 'lo', 96, 'ລົບລ້າງ ເອກະສານອ້າງອີງ ສຳລັບ ສະມາຊິກຂອງສະໂມສອນ'),
(2342, 'lo', 97, 'ຄຸ້ມຄອງຂໍ້ມູນອ້າງອີງສະມາຊິກຂອງສະໂມສອນ'),
(2343, 'lo', 98, 'ກວດເບີ່ງ ເອກະສານເອກະສານອ້າງອີງຂອງສະມາຊິກສະໂມສອນ'),
(2344, 'lo', 99, 'ລາຍລະອຽດຂອງສະໜາມ ກັອຟ'),
(2345, 'lo', 100, 'ສະໜາມ ກັອຟ'),
(2346, 'lo', 101, 'ເພດ'),
(2347, 'lo', 102, 'ເນື້ອໃນລາຍການ'),
(2348, 'lo', 103, '9 ຂຸມ'),
(2349, 'lo', 104, 'ລຳດັບຊົ່ວຄາວ'),
(2350, 'lo', 105, 'ລາຍຊື່ພິເສດໂຄງສ້າງສະໜາມກັອຟ'),
(2351, 'lo', 106, 'ສ້າງລາຍການຂອງສະໂມສອນ'),
(2352, 'lo', 107, 'ປັບປຸງ ສະໜາມສະເພາະ'),
(2353, 'lo', 108, 'ລົບລ້າງ ໂປຟາຍ໌ ສະເພາະ'),
(2354, 'lo', 109, 'ຄວບຄຸມລາຍການ ຂອງສະໜາມ'),
(2355, 'lo', 110, 'ກວດເບີ່ງ ມາດຕະຖານຂອງສະໜາມ'),
(2356, 'lo', 243, 'ຊື່ ຂອງສະໂມສອນ ກັອຟ'),
(2357, 'lo', 244, 'ຊື່ ສະໜາມກັອຟ'),
(2358, 'lo', 123, 'ເລກບັດຂອງສະມາຊິກ'),
(2359, 'lo', 124, 'ຊື່'),
(2360, 'lo', 125, 'ນາມສະກຸນ'),
(2361, 'lo', 126, 'ວັນ ເດືອນ ປີເກີດ'),
(2362, 'lo', 127, 'ໂທລະສັບ'),
(2363, 'lo', 128, 'ເພີ່ມຄະແນນ'),
(2364, 'lo', 129, 'ໄດ້ຄະແນນ'),
(2365, 'lo', 130, 'ສະມາຊິກ ຂອງ'),
(2366, 'lo', 131, 'ສະມາຊິກຂອງທຸກໆ ສະໂມສອນ'),
(2367, 'lo', 132, 'ສ້າງຄະແນນຂອງສະມາຊິກ'),
(2368, 'lo', 133, 'ສະມາຊິກ'),
(2369, 'lo', 134, 'ເພດ'),
(2370, 'lo', 135, 'ສະໜາມ ກັອຟ'),
(2371, 'lo', 136, 'ອຸປະກອນໄມ່ຍອງລູກກັອຟ '),
(2372, 'lo', 137, 'ເພີ່ມວັນທີ'),
(2373, 'lo', 138, 'ຊື່ລາຍການແຂງຂັນ'),
(2374, 'lo', 139, 'ສຸດທິ'),
(2375, 'lo', 140, 'ໄດ້ຮັບການດັດປັບແລ້ວ'),
(2376, 'lo', 141, 'ຂຸມທີ່ຫລີ້ນ'),
(2377, 'lo', 142, 'ລາຍການຄະແນນ'),
(2378, 'lo', 143, 'ເລືອກສະໜາມ'),
(2379, 'lo', 144, 'ເລືອກເອົາອຸປະກອນໄມ່ຍອງລູກກັອຟ'),
(2380, 'lo', 145, 'ໄດ້ຄະແນນ'),
(2381, 'lo', 146, 'ສົ່ງເຂົ້າ'),
(2382, 'lo', 147, 'ຄວາມແຕກຕ່າງຂອງການແຂ່ງຂັນເຂດທີ່ເປັນແຕ້ມຕໍ່'),
(2383, 'lo', 148, 'ສະໜາມແຂງຂັນແຕ້ມຕໍ'),
(2384, 'lo', 256, 'ສະໂມສອນ ກັອຟ'),
(2385, 'lo', 257, 'ໄດ້ເຂົ້ານຳໃຊ້ໃນເຂດແຕ້ມຕໍ່'),
(2386, 'lo', 258, 'ຄະແນນການແຂງຂັນ'),
(2387, 'lo', 270, 'ວັນອາທິດ'),
(2388, 'lo', 271, 'ວັນຈັນ'),
(2389, 'lo', 272, 'ວັນອັງຄານ'),
(2390, 'lo', 273, 'ວັນພຸດ'),
(2391, 'lo', 274, 'ວັນພະຫັດ'),
(2392, 'lo', 275, 'ວັນສຸກ'),
(2393, 'lo', 276, 'ວັນເສົາ'),
(2394, 'lo', 149, 'ສ້າງຜູ້ນຳໃຊ້'),
(2395, 'lo', 150, 'ປັບປຸງ ຜູ້ນຳໃຊ້'),
(2396, 'lo', 151, 'ລາຍຊື່ຜູ້ນຳໃຊ້'),
(2397, 'lo', 152, 'ກວດເບີ່ງ ຜູ້ນຳໃຊ້'),
(2398, 'lo', 153, 'ຄວບຄຸມຜູ້ນຳໃຊ້'),
(2399, 'lo', 154, 'ລົບລ້າງ ຜູ້ນຳໃຊ້'),
(2400, 'lo', 155, 'ຊື່ ຜູ້ທີ່ເຂົ້າສູ່ລະບົບ'),
(2401, 'lo', 156, 'ຊື່'),
(2402, 'lo', 157, 'ນາມສະກຸນ'),
(2403, 'lo', 158, 'ສະໂມສອນ ກັອຟ'),
(2404, 'lo', 159, 'ລະຫັດ'),
(2405, 'lo', 160, 'ຜູ້ນຳໃຊ້'),
(2406, 'lo', 161, 'ເລກບັດປະຈຳຕົວຜູ້ນຳໃຊ້'),
(2407, 'lo', 162, 'ສາຫະພັນ ກັອຟ'),
(2408, 'lo', 163, 'ເລືອກສະມາຄົມ'),
(2409, 'lo', 164, 'ເລືອກສະໂມສອນ'),
(2410, 'lo', 165, 'ເລກບັດ'),
(2411, 'lo', 166, 'ຮູບແບບ'),
(2412, 'lo', 167, 'ປະຕິບັດ'),
(2413, 'lo', 168, 'ອະນຸຍາດໃຫ້ປະຕິບັດ'),
(2414, 'lo', 169, 'ລາຍຊື່ ທີ່ອະນຸຍາດປະຕິບັດງານ'),
(2415, 'lo', 170, 'ສ້າງການອະນຸຍາດ ປະຕິບັດງານ'),
(2416, 'lo', 171, 'ປັບປຸງ ການອະນຸຍາດ ເພື່ອການປະຕິບັດ'),
(2417, 'lo', 172, 'ລົບລ້າງການອະນຸຍາດດຳເນີນການ'),
(2418, 'lo', 173, 'ຄອບຄຸມການອະນຸຍາດປະຕິບັດງານ'),
(2419, 'lo', 174, 'ກວດເບີ່ງ ການອະນຸຍາດ ປະຕິບັດງານ'),
(2420, 'lo', 175, 'ຜູ້ນຳໃຊ້ທີ່ເປັນຜູ້ຈັດການ'),
(2421, 'lo', 180, 'ເລກບັດປະຈຳຕົວຜູ້ນຳໃຊ້'),
(2422, 'lo', 181, 'ລະຫັດບັດໜ້າທີ່ຕຳແໜ່ງ'),
(2423, 'lo', 182, 'ເອກະສານອ້າງອິງບົດບາດຂອງຜູ້ນຳໃຊ້'),
(2424, 'lo', 183, 'ລາຍການຂໍ້ມູນອ້າງອີງຂອງຜູ້ນຳໃຊ້'),
(2425, 'lo', 184, 'ສ້າງເອກະສານອ້າງອີງບົດບາດຂອງຜູ້ນຳໃຊ້'),
(2426, 'lo', 185, 'ປັບປຸງ ເອກະສານອ້າງອີງບົດບາດຂອງນຳໃຊ້'),
(2427, 'lo', 186, 'ລົບລ້າງ ລະຫັດບົດບາດຂອງຜູ້ນຳໃຊ້'),
(2428, 'lo', 187, 'ຄຸ້ມຄອງເອກະສານອ້າງອີງຂອງບົດບາດຂອງຜູ້ນຳໃຊ້'),
(2429, 'lo', 188, 'ກວດເບີ່ງ ເອກະສານອ້າງອີງບົດບາດຂອງຜູ້ນຳໃຊ້'),
(2430, 'lo', 189, 'ບໍ່ສາມາດກຳນົດໜ້າທີ່ໄດ້. ໜ້າທີ່ໄດ້ມີແລ້ວ '),
(2431, 'lo', 190, 'ບົດບາດໜ້າທີ່ຜູ້ນຳໃຊ້'),
(2432, 'lo', 191, 'ສົ່ງເຂົ້າ'),
(2433, 'lo', 192, 'ເກັບມ້ຽນຂໍ້ມູນ'),
(2434, 'lo', 193, 'ເຂົ້າສູ່ລະບົບ'),
(2435, 'lo', 194, 'ຊື່ຜູ້ນຳໃຊ້'),
(2436, 'lo', 195, 'ລະຫັດ'),
(2437, 'lo', 196, 'ບັນທຶກຂ້ອຍ'),
(2438, 'lo', 197, 'ໃຫ້ຕືມແບບຟອມຕໍ່ໄປນີ້ດ້ວຍລະຫັດຂອງທ່ານ'),
(2439, 'lo', 198, 'ຍີນດີຕ້ອນຮັບເຂົ້າສູ່ ກວາຊາ ກັອຟ'),
(2440, 'lo', 199, 'ລະຫັດຜ່ານ ຫຼື ຊື່ບໍ່ຖືກຕ້ອງ'),
(2441, 'lo', 259, 'ລະຫັດເຂົ້າສູ່ລະບົບ'),
(2442, 'lo', 176, 'ອະນຸຍາດໃຫ້ປະຕິບັດ'),
(2443, 'lo', 177, 'ລາຍຊື່ຂອງແຕ່ລະບົດບາດ'),
(2444, 'lo', 178, 'ຜູ້ນຳໃຊ້'),
(2445, 'lo', 179, 'ກຳນົດບົດບາດ'),
(2446, 'lo', 205, 'ສະຖານທີ່ຂອງຜູ້ຈັດການ'),
(2447, 'lo', 206, 'ປະເທດຕ່າງໆ'),
(2448, 'lo', 207, 'ສາຫະພັນ ກັອຟ'),
(2449, 'lo', 208, 'ປະເພດຂອງສະໂມສອນ ກັອຟ'),
(2450, 'lo', 209, 'ສະໜາມ ກັອຟ'),
(2451, 'lo', 210, 'ບັນດາສະມາຊິກ'),
(2452, 'lo', 211, 'ລາຍລະອຽດຂອງສະໜາມ'),
(2453, 'lo', 212, 'ສະມາຊິກຂອງສະໂມສອນ'),
(2454, 'lo', 213, 'ສະໂມສອນ ກັອຟ'),
(2455, 'lo', 214, 'ຄວບຄຸມປະເທດຕ່າງໆ'),
(2456, 'lo', 215, 'ຄວບຄຸມສາຫະພັນກັອຟ'),
(2457, 'lo', 216, 'ຄອບຄຸມປະເພດຕ່າງໆ ຂອງສະໂມສອນກັອຟ'),
(2458, 'lo', 217, 'ຄວບຄຸມສະໂມສອນກັອຟຕ່າງໆ'),
(2459, 'lo', 218, 'ຄວບຄຸມສະໜາມກັອຟຕ່າງໆ '),
(2460, 'lo', 219, 'ຄວບຄຸມສະມາຊິກທັງໝົດ'),
(2461, 'lo', 220, 'ຄອບຄຸມລາຍລະອຽດຂອງສະໜາມກັອຟ'),
(2462, 'lo', 221, 'ຄວບຄຸມພາສາຕ່າງໆ '),
(2463, 'lo', 222, 'ຜູ້ຈັດການດ້ານພາສາ'),
(2464, 'lo', 251, 'ເລກໝາຍຂອງສະມາຊິກຜູ້ຈັດການ'),
(2465, 'lo', 252, 'ບົດລາຍງານ'),
(2466, 'lo', 253, 'ການນຳໃຊ້ໄມ້ ກັອຟ'),
(2467, 'lo', 254, 'ການເກັບມ້ຽນເຄື່ອງໃຫ້ເປັນລະບຽບ'),
(2468, 'lo', 255, 'ຜູ້ນຳໃຊ້ທີ່ເປັນຜູ້ຈັດການ'),
(2469, 'lo', 320, 'ການຈັດສະຖານທີ່'),
(2470, 'lo', 322, 'ການຈັດສະຖານທີ່'),
(2471, 'lo', 332, 'ລັດ ຫລື ແຂວງຕ່າງໆ'),
(2472, 'lo', 333, 'ຄຸ້ມຄອງສະມາຊິກລັດ ຫລື ແຂວງຕ່າງໆ'),
(2473, 'lo', 260, 'ປ້າຍຂໍ້ຄວາມພາສາ ຂອງຜູ້ຈັດການ'),
(2474, 'lo', 261, 'ຮູບແບບ'),
(2475, 'lo', 262, 'ພາສາ'),
(2476, 'lo', 263, 'ສົ່ງເຂົ້າ'),
(2477, 'lo', 264, 'ປ້າຍ'),
(2478, 'lo', 265, 'ການແປ'),
(2479, 'lo', 266, 'ປ້າຍຂໍ້ຄວາມຕົວຈິງ'),
(2480, 'lo', 277, 'ສະໂມສອນ ກັອຟ'),
(2481, 'lo', 278, 'ລະຫັດພາສາ'),
(2482, 'lo', 279, 'ສ້າງຂໍ້ມູນ ຂອງສະໂມສອນ'),
(2483, 'lo', 280, 'ປັບປຸງ ຂໍ້ມູນຂອງສະໂມສອນ'),
(2484, 'lo', 281, 'ກວດເບີ່ງ ຂໍ້ມູນ ກ່ຽວກັບ ສະໂມສອນ'),
(2485, 'lo', 282, 'ຂໍ້ມູນໃນຫລາຍພາສາ ຂອງສະໂມສອນ ກັອຟ'),
(2486, 'lo', 283, 'ລາຍຊື່ ຂໍ້ມູນສະໂມສອນ'),
(2487, 'lo', 284, 'ສ້າງຂໍ້ມູນໃນຫລາຍພາສາ'),
(2488, 'lo', 285, 'ກວດເບີ່ງ ຂໍ້ມູນໃນຫລາຍພາສາ'),
(2489, 'lo', 286, 'ປັບປຸງ ຂໍ້ມູນໃນຫລາຍພາສາ'),
(2490, 'lo', 287, 'ລົບລ້າງ ຂໍ້ມູນ ຂອງສະໂມສອນ'),
(2491, 'lo', 288, 'ຊື່ ພາສາ'),
(2492, 'lo', 289, 'ຊື່ ຂອງສະໂມສອນ'),
(2493, 'lo', 290, 'ເນື້ອໃນລາຍການ'),
(2494, 'lo', 291, 'ຊື່ ພາສາ'),
(2495, 'lo', 292, 'ຊື່ສະໜາມ'),
(2496, 'lo', 293, 'ລາຍລະອຽດຂອງສະໜາມ'),
(2497, 'lo', 294, 'ລະຫັດພາສາ'),
(2498, 'lo', 295, 'ສ້າງ ຂໍ້ມູນ ສະໜາມກັອຟ'),
(2499, 'lo', 296, 'ປັບປຸງ ຂໍ້ມູນສະໜາມ'),
(2500, 'lo', 297, 'ກວດເບີ່ງ ຂໍ້ມູນຂອງສະໜາມກັອຟ'),
(2501, 'lo', 298, 'ລົບລ້າງ ຂໍ້ມູນ ສະໜາມ'),
(2502, 'lo', 299, 'ລາຍຊື່ ຂໍ້ມູນສະໜາມ ກັອຟ'),
(2503, 'lo', 300, 'ຂໍ້ມູນສະໜາມ ໃນຫລາຍພາສາ'),
(2504, 'lo', 301, 'ຂໍ້ມູນສະໜາມ ໃນຫລາຍພາສາ'),
(2505, 'lo', 302, 'ກວດເບີ່ງ ຂໍ້ມູນໃນຫລາຍພາສາ'),
(2506, 'lo', 303, 'ປັບປຸງ ຂໍ້ມູນໃນຫລາຍພາສາ'),
(2507, 'lo', 315, 'ສະໂມສອນ ກັອຟ'),
(2508, 'lo', 316, 'ຮູບແບບວັນທີ'),
(2509, 'lo', 317, 'ອະນຸຍາດໃຫ້ສະມາຊິກປ່ຽນແປງຮູບແບບການສະແດງຊື່'),
(2510, 'lo', 318, 'ເຄື່ອງໝາຍຂອງສະໂມສອນ'),
(2511, 'lo', 319, 'ການຈັດສະຖານທີ່'),
(2512, 'lo', 323, 'ລັດ ຫລື ແຂວງຕ່າງໆ'),
(2513, 'lo', 324, 'ຊື່ຂອງແຂວງ ຫລື ປະເທດ'),
(2514, 'lo', 325, 'ລະຫັດຂອງປະເທດ ຫລື ແຂວງ'),
(2515, 'lo', 326, 'ເລກປະຈຳຕົວຂອງປະເທດ ຫລື ແຂວງ'),
(2516, 'lo', 327, 'ປັບປຸງ ອກະສານ ຂອງສຳມະຊິກຂອງແຂວງ'),
(2517, 'lo', 328, 'ສ້າງສະຖານະແຂວງ'),
(2518, 'lo', 329, 'ກວດເບີ່ງ ແຂວງ ຫຼື ປະເທດ'),
(2519, 'lo', 330, 'ລາຍຊື່ຂອງແຂວງຕ່າງ ໆ'),
(2520, 'lo', 331, 'ລົບລ້າງ ສະຖານະແຂວງ'),
(2521, 'ru', 320, 'Site Configuration'),
(2522, 'km', 65, 'អត្តលេខសមាជិក'),
(2523, 'km', 66, 'អត្តលេខសមាជិក'),
(2524, 'km', 67, 'នាមខ្លួន'),
(2525, 'km', 68, 'នាមត្រកូល'),
(2526, 'km', 69, 'ឈ្មោះហៅក្រៅ (ដំបូង)'),
(2527, 'km', 70, 'ឈ្មោះហៅក្រៅ (ចុងក្រោយ)'),
(2528, 'km', 71, 'ប្រើប្រាស់ឈ្មោះហៅក្រៅ'),
(2529, 'km', 73, 'ស្ថានភាពគ្រួសារ'),
(2530, 'km', 74, 'ប្រភេទសមាជិក'),
(2531, 'km', 75, 'ស្ថានភាពសមាជិក'),
(2532, 'km', 76, 'ភេទ'),
(2533, 'km', 78, 'អាស័យដ្ឋានផ្សេងទៀត'),
(2534, 'km', 79, 'រៀបការរួច'),
(2535, 'km', 80, 'មិនទាន់រៀបការ'),
(2536, 'km', 81, 'ថ្ងៃខែឆ្នាំកំណើត'),
(2537, 'km', 82, 'សមាជិកជាច្រើន'),
(2538, 'km', 83, 'រាយបញ្ជីសមាជិក'),
(2539, 'km', 84, 'បង្កើតសមាជិកជាច្រើន'),
(2540, 'km', 85, 'ផ្តល់ទិន្នន័យថ្មីនៃសមាជិកទាំងឡាយ'),
(2541, 'km', 86, 'លុបចោលសមាជិកទាំងឡាយ'),
(2542, 'km', 87, 'គ្រប់គ្រងសមាជិកទាំងឡាយ'),
(2543, 'km', 88, 'ត្រួតពិនិត្យមើលសមាជិកទាំងឡាយ'),
(2544, 'km', 89, 'ប្រគល់ទៅឲ្យក្លឹបនានា'),
(2545, 'km', 228, 'ទូរស័ព្ទដៃ'),
(2546, 'km', 229, 'អត្តលេខសមាជិកសមាគម'),
(2547, 'km', 230, 'អាស័យដ្ឋានចំបង'),
(2548, 'km', 231, 'ទម្រង់បង្ហាឈ្មោះ'),
(2549, 'km', 232, 'អាស័យដ្ឋានចំបង'),
(2550, 'km', 307, 'រូបថត'),
(2551, 'km', 308, 'ភាសារពេញចិត្ត'),
(2552, 'km', 312, 'រូបថត'),
(2553, 'km', 12, 'បង្ហាញទីលានដែលចាំបាច់'),
(2554, 'km', 33, 'អាស័យដ្ឋាន'),
(2555, 'km', 77, 'អាស័យដ្ឋាន ជូរទី១'),
(2556, 'km', 223, 'អាស័យដ្ឋាន ជួរទី២'),
(2557, 'km', 224, 'ទីក្រុង'),
(2558, 'km', 225, 'រដ្ឋច្រើន/ខេត្តច្រើន'),
(2559, 'km', 227, 'ប្រទេស'),
(2560, 'km', 323, 'រដ្ឋច្រើន/ខេត្តច្រើន'),
(2561, 'km', 332, 'រដ្ឋច្រើន/ខេត្តច្រើន'),
(2562, 'km', 72, 'ទូរស័ព្ទ'),
(2563, 'km', 126, 'ថ្ងៃខែឆ្នាំកំណើត'),
(2564, 'km', 127, 'ទូរស័ព្ទ'),
(2565, 'km', 226, 'លេខកូដប្រៃសណីយ៍'),
(2566, 'km', 241, 'ទូរស័ព្ទ'),
(2567, 'km', 146, 'ដាក់សំណើរ'),
(2568, 'km', 191, 'ដាក់សំណើរ'),
(2569, 'km', 201, 'ដើមទី'),
(2570, 'km', 204, 'ឡុកអៅ'),
(2571, 'km', 263, 'ដាក់សំណើរ'),
(2572, 'km', 1, 'ឈ្មោះប្រទេស'),
(2573, 'km', 2, 'អត្តលេខប្រទេស'),
(2574, 'km', 3, 'បង្កើតប្រទេសនានា'),
(2575, 'km', 4, 'ត្រួតពិនិត្យមើលប្រទេសនានា'),
(2576, 'km', 5, 'ផ្តល់ទិន្នន័យថ្មីនៃប្រទេសនានា'),
(2577, 'km', 6, 'បែងចែកប្រទេសទាំងឡាយ'),
(2578, 'km', 10, 'រាយបញ្ជីឈ្មោះប្រទេស'),
(2579, 'km', 11, 'លុបចោលប្រទេសនានា'),
(2580, 'km', 267, 'ប្រទេសនានា'),
(2581, 'km', 309, 'លេខកូតទូរស័ព្ទប្រទេស'),
(2582, 'km', 310, 'លេខកូតប្រទេសដែលមានអក្សរកាត់ 3 អក្សរ'),
(2583, 'km', 7, 'ការស្រាវជ្រាវកំរិតខ្ពស់'),
(2584, 'km', 8, 'បង្កើត'),
(2585, 'km', 9, 'រក្សាទុក'),
(2586, 'km', 111, 'ឡូ 9 ដំបូង'),
(2587, 'km', 112, 'ឡូ 9 ជុំទី២'),
(2588, 'km', 113, 'ឡូទាំង 18 '),
(2589, 'km', 114, 'ការវាយតំលៃ'),
(2590, 'km', 115, 'ជម្រាល'),
(2591, 'km', 116, 'ឡូ'),
(2592, 'km', 117, 'រង្វាស់ជាយ៉ាត'),
(2593, 'km', 118, 'ចំនួនវាយកូនគោល'),
(2594, 'km', 119, 'សន្ទស្សន៍'),
(2595, 'km', 122, 'សរុប'),
(2596, 'km', 233, 'អ៊ីម៉ែល'),
(2597, 'km', 234, 'លេខទូរសារ'),
(2598, 'km', 235, 'វ៉ឹបសាយ'),
(2599, 'km', 245, 'លុបចោល'),
(2600, 'km', 246, 'លុបចោល'),
(2601, 'km', 248, 'លក្ខខណ្ឌ'),
(2602, 'km', 249, 'ទីតាំងភូមិសាស្រ្ត'),
(2603, 'km', 250, 'ចំងាយ'),
(2604, 'km', 313, 'ភេទប្រុស'),
(2605, 'km', 314, 'ភេទស្រី'),
(2606, 'km', 149, 'បង្កើតអ្នកប្រើប្រាស់'),
(2607, 'km', 150, 'ផ្តល់ទិន្នន័យថ្មីនៃអ្នកប្រើប្រាស់'),
(2608, 'km', 151, 'រាយបញ្ជីអ្នកប្រើប្រាស់'),
(2609, 'km', 152, 'ត្រួតពិនិត្យមើលអ្នកប្រើប្រាស់'),
(2610, 'km', 153, 'បែងចែកអ្នកប្រើប្រាស់'),
(2611, 'km', 154, 'លុបចោលអ្នកប្រើប្រាស់'),
(2612, 'km', 155, 'ឈ្មោះឡុកអ៊ីន'),
(2613, 'km', 156, 'នាមខ្លួន'),
(2614, 'km', 157, 'នាមត្រកូល'),
(2615, 'km', 158, 'ក្លឹបកីឡាវាយកូនគោល'),
(2616, 'km', 159, 'លេខសំងាត់'),
(2617, 'km', 160, 'អ្នកប្រើប្រាស់ទាំងឡាយ'),
(2618, 'km', 161, 'អត្តលេខអ្នកប្រើប្រាស់'),
(2619, 'km', 162, 'សហព័ន្ធកីឡាវាយកូនគោល'),
(2620, 'km', 163, 'រើសរើសសហព័ន្ធ'),
(2621, 'km', 164, 'ជ្រើសរើសក្លឹប'),
(2622, 'km', 175, 'អ្នកគ្រប់គ្រងអ្នកប្រើប្រាស់'),
(2623, 'km', 190, 'តួនាទីអ្នកប្រើប្រាស់'),
(2624, 'km', 192, 'ទិន្នន័យត្រូវបានរក្សាទុក'),
(2625, 'km', 193, 'ឡុកអ៊ីន'),
(2626, 'km', 194, 'ឈ្នោះអ្នកប្រើប្រាស់'),
(2627, 'km', 195, 'លេខសំងាត់'),
(2628, 'km', 196, 'ចងចាំខ្ញុំ'),
(2629, 'km', 197, 'សូមបំពេញសំណុំបែបបទខាងក្រោម ហើយធ្វើការឡុកអ៊ីន'),
(2630, 'km', 198, 'ស្វាគមន៍ទៅកាន់ ក្វាសារហ្គុលហ្វ៍'),
(2631, 'km', 199, 'ឈ្មោះ ឬលេខសំងាត់មិនត្រឹមត្រូវ'),
(2632, 'km', 259, 'គណនីឡក់អ៊ីន'),
(2633, 'km', 260, 'អ្នកគ្រប់គ្រងភាសារអក្សរនៅលើផ្លាកសញ្ញា'),
(2634, 'km', 261, 'ផ្នែកនៃឧបករណ៍'),
(2635, 'km', 262, 'ភាសារ'),
(2636, 'km', 264, 'ផ្លាកសញ្ញា'),
(2637, 'km', 265, 'ការបកប្រែ'),
(2638, 'km', 266, 'អក្សរលើផ្លាកសញ្ញា'),
(2639, 'km', 176, 'សិទ្ធិធ្វើសកម្មភាព'),
(2640, 'km', 177, 'រាយបញ្ជីមុខងារ'),
(2641, 'km', 178, 'អ្នកប្រើប្រាស់ទាំងឡាយ'),
(2642, 'km', 179, 'ប្រគល់តួនាទី'),
(2643, 'km', 205, 'អ្នកគ្រប់គ្រងទីតាំង'),
(2644, 'km', 206, 'ប្រទេសនានា'),
(2645, 'km', 207, 'សហព័ន្ធកីឡាវាយកូនគោលនានា'),
(2646, 'km', 208, 'ប្រភេទក្លឹបកីឡាវាយកូនគោល'),
(2647, 'km', 209, 'ទីលានវាយកូនគោលនានា'),
(2648, 'km', 210, 'សមាជិកជាច្រើន'),
(2649, 'km', 211, 'ទំហំទីលានវាយកូនគោល'),
(2650, 'km', 212, 'សមាជិកក្លឹប'),
(2651, 'km', 213, 'ក្លឹបកីឡាវាយកូនគោលនានា'),
(2652, 'km', 214, 'បែងចែកប្រទេសទាំងឡាយ'),
(2653, 'km', 215, 'បែងចែកសមាគមនកីឡាវាយកូនគោល'),
(2654, 'km', 216, 'បែងចែកប្រភេទក្លឹបកីឡាវាយកូនគោល'),
(2655, 'km', 217, 'បែងចែកក្លឹបកីឡាវាយកូនគោល'),
(2656, 'km', 218, 'បែងចែកទីលានវាយកូនគោល'),
(2657, 'km', 219, 'បែងចែកសមាជិកទាំងអស់'),
(2658, 'km', 220, 'បែងចែកពត៌មានលំអិតនៃទីលានវាយកូនគោល'),
(2659, 'km', 221, 'បែងចែកភាសារ'),
(2660, 'km', 222, 'អ្នកគ្រប់គ្រងភាសារ'),
(2661, 'km', 251, 'អ្នកគ្រប់គ្រងសមាជិក'),
(2662, 'km', 252, 'របាយការណ៍'),
(2663, 'km', 253, 'កម្មវិធីនានាសំរាប់កីឡាវាយកូនគោល'),
(2664, 'km', 254, 'កម្មវីធី'),
(2665, 'km', 255, 'អ្នកគ្រប់គ្រងអ្នកប្រើប្រាស់'),
(2666, 'km', 320, 'ការកំណត់រូបសណ្ឋានទីតាំង'),
(2667, 'km', 322, 'ការកំណត់រូបសណ្ឋានទីតាំង'),
(2668, 'km', 333, 'បែងចែក រដ្ឋ/ខេត្ត'),
(2669, 'km', 324, 'ឈ្មោះខេត្តរដ្ឋ'),
(2670, 'km', 325, 'លេខកូតខេត្តរដ្ឋ'),
(2671, 'km', 326, 'អត្តលេខខេត្តរដ្ឋ'),
(2672, 'km', 327, 'ផ្តល់ទិន្នន័យថ្មីនៃខេត្តរដ្ឋ'),
(2673, 'km', 328, 'បង្កើតខេត្តរដ្ឋ'),
(2674, 'km', 329, 'ត្រួតពិនិត្យមើលខេត្តរដ្ឋ'),
(2675, 'km', 330, 'រាយបញ្ជីខេត្តរដ្ឋ'),
(2676, 'km', 331, 'លុបចោលខេត្តរដ្ឋ'),
(2677, 'km', 315, 'ក្លឹបកីឡាវាយកូនគោល'),
(2678, 'km', 316, 'ទម្រង់កាលបរិច្ឆេទ'),
(2679, 'km', 317, 'អនុញ្ញាត្តិឲ្យផ្លាស់ប្តូរទម្រង់បង្ហាញឈ្មោះសមាជិក'),
(2680, 'km', 318, 'រូបសញ្ញាក្លឹប'),
(2681, 'km', 319, 'ការកំណត់រូបសណ្ឋានទីតាំង'),
(2682, 'km', 321, 'ទំហំរូបសញ្ញាសំគាល់់ៈ 90 x 200 (pixels), ប្រភេទៈ JPG'),
(2683, 'km', 13, 'អត្តលេខសហព័ន្ធ'),
(2684, 'km', 14, 'ឈ្មោះសហព័ន្ធ'),
(2685, 'km', 15, 'ប្រទេស'),
(2686, 'km', 16, 'បង្កើតសហព័ន្ធវាយកូនគោល'),
(2687, 'km', 17, 'ត្រួតពិនិត្យមើលសហព័ន្ធកីឡាវាយកូនគោល'),
(2688, 'km', 18, 'ផ្តល់ទិន្នន័យថ្មីនៃសហព័ន្ធវាយកូនគោល'),
(2689, 'km', 19, 'បែងចែកសហព័ន្ធកីឡាវាយកូនគោល'),
(2690, 'km', 20, 'រាយបញ្ជីសហព័ន្ធកីឡាវាយកូនគោល'),
(2691, 'km', 21, 'លុបចោលសហព័ន្ធកីឡាវាយកូនគោល'),
(2692, 'km', 268, 'សមាគមនានា'),
(2693, 'km', 22, 'អត្តលេខប្រភេទក្លឹបកីឡាវាយកូនគោល'),
(2694, 'km', 23, 'ពណ៌នាអំពីប្រភេទក្លឹបកីឡាវាយកូនគោល'),
(2695, 'km', 24, 'បង្កើតប្រភេទក្លឹបវាយកូនគោល'),
(2696, 'km', 25, 'ត្រួតពិនិត្យមើលប្រភេទក្លឹបកីឡាវាយកូនគោល'),
(2697, 'km', 26, 'ផ្តល់ទិន្នន័យថ្មីនៃប្រភេទក្លឹបកីឡាវាយកូនគោល'),
(2698, 'km', 27, 'បែងចែកប្រភេទក្លឹបកីឡាវាយកូនគោល'),
(2699, 'km', 28, 'រាយបញ្ជីប្រភេទក្លឹបកីឡាវាយកូនគោល'),
(2700, 'km', 29, 'លុបចោលប្រភេទក្លឹបកីឡាវាយកូនគោល'),
(2701, 'km', 269, 'អត្តលេខប្រភេទក្លឹបកីឡាវាយកូនគោល'),
(2702, 'km', 30, 'ក្លឹបកីឡាវាយកូនគោលនានា'),
(2703, 'km', 31, 'អត្តលេខក្លឹបកីឡាវាយកូនគោល'),
(2704, 'km', 32, 'មោះក្លឹបកីឡាវាយកូនគោល'),
(2705, 'km', 34, 'ការពិពណ៌នា'),
(2706, 'km', 35, 'កាលបរិច្ឆេទបង្កើត'),
(2707, 'km', 36, 'ចំនួនសមាជិក'),
(2708, 'km', 37, 'មោះអ្នកគ្រប់គ្រង'),
(2709, 'km', 38, 'នោះនាយកគ្រប់គ្រង'),
(2710, 'km', 39, 'វិជ្ជាជីវៈ'),
(2711, 'km', 40, 'ប្រធានគ្រប់គ្រង Handicap'),
(2712, 'km', 41, 'សហព័ន្ធកីឡាវាយកូនគោល'),
(2713, 'km', 42, 'រាយបញ្ជីក្លឹបកីឡាវាយកូនគោល'),
(2714, 'km', 43, 'បង្កើតក្លឹបវាយកូនគោល'),
(2715, 'km', 44, 'ផ្តល់ទិន្នន័យថ្មីនៃក្លឹបវាយកូនគោល'),
(2716, 'km', 45, 'លុបចោលក្លឹបកីឡាវាយកូនគោលទាំងឡាយ'),
(2717, 'km', 46, 'បែងចែកក្លឹបកីឡាវាយកូនគោល'),
(2718, 'km', 47, 'ត្រួតពិនិត្យមើលក្លឹបកីឡាវាយកូនគោល'),
(2719, 'km', 242, 'ចំនួនក្លឹបកីឡាវាយកូនគោល'),
(2720, 'km', 247, 'ឈ្មោះសរសេរកាត់'),
(2721, 'km', 304, 'ជីវប្រវត្តភាសារ'),
(2722, 'km', 334, 'ត្រូវតែជាលេខ'),
(2723, 'km', 48, 'ទីលានវាយកូនគោល'),
(2724, 'km', 49, 'ឈ្មោះទីលានវាយកូនគោល'),
(2725, 'km', 50, 'កាលបរិច្ឆេទត្រូវបានបង្កើត'),
(2726, 'km', 51, 'ឈ្មោះស្ថាបនិក'),
(2727, 'km', 52, 'ឡូច្រើន'),
(2728, 'km', 53, 'ការពិពណ៌នា'),
(2729, 'km', 54, 'ក្លឹប'),
(2730, 'km', 55, 'រាយបញ្ជីទីលានវាយកូនគោល'),
(2731, 'km', 56, 'ត្រួតពិនិត្យមើលទីលានវាយកូនគោល'),
(2732, 'km', 57, 'បង្កើតទីលានវាយកូនគោលនានា'),
(2733, 'km', 58, 'ផ្តល់ទិន្នន័យថ្មីនៃទីលានកីឡាវាយកូនគោល'),
(2734, 'km', 59, 'បែងចែកទីលានវាយកូនគោល'),
(2735, 'km', 60, 'លុបចោលទីលានវាយកូនគោលនានា'),
(2736, 'km', 64, 'អត្តលេខទីលានវាយកូនគោល'),
(2737, 'km', 305, 'ជីវប្រវត្តភាសារ'),
(2738, 'km', 90, 'ឯកសារយោងក្លឹបរបស់សមាជិក'),
(2739, 'km', 91, 'សមាជិក'),
(2740, 'km', 102, 'ការពិពណ៌នា'),
(2741, 'km', 165, 'អត្តលេខ'),
(2742, 'km', 166, 'ផ្នែកនៃឧបករណ៍'),
(2743, 'km', 167, 'សកម្មភាព'),
(2744, 'km', 168, 'សិទ្ធិធ្វើសកម្មភាព'),
(2745, 'km', 169, 'រាយបញ្ជីសិទ្ធិធ្វើសកម្មភាព'),
(2746, 'km', 170, 'បង្កើតសិទ្ធិធ្វើសកម្មភាព'),
(2747, 'km', 171, 'ផ្តល់ទិន្នន័យថ្មីនៃសិទ្ធធ្វើសកម្មភាព'),
(2748, 'km', 172, 'លុបចោលសិទ្ធិធ្វើសកម្មភាព'),
(2749, 'km', 173, 'បែងចែកសិទ្ធិធ្វើសកម្មភាព'),
(2750, 'km', 174, 'ត្រួតពិនិត្យមើលសិទ្ធិធ្វើសកម្មភាព'),
(2751, 'km', 180, 'អត្តលេខអ្នកប្រើប្រាស់'),
(2752, 'km', 181, 'អត្តលេខតួនាទី'),
(2753, 'km', 182, 'ឯកសារយោងតួនាទីអ្នកប្រើប្រាស់'),
(2754, 'km', 183, 'រាយបញ្ជីឯកសារយោងតួនាទីអ្នកប្រើប្រាស់'),
(2755, 'km', 184, 'បង្កើតឯកសារយោងតួនាទីអ្នកប្រើប្រាស់'),
(2756, 'km', 185, 'តល់ទិន្នន័យថ្មីនៃឯកសារយោងតួនាទីអ្នកប្រើប្រាស់'),
(2757, 'km', 186, 'លុបចោលឯកសារយោងតួនាទីរបស់អ្នកប្រើប្រាស់'),
(2758, 'km', 187, 'បែងចែកឯកសារយោងតួនាទីអ្នកប្រើប្រាស់'),
(2759, 'km', 188, 'ត្រួតពិនិត្យមើលឯកសារយោងតួនាទីអ្នកប្រើប្រាស់'),
(2760, 'km', 189, 'មិនអាចប្រគល់តួនាទី។ តួនាទីមានរួចរាល់ហើយ'),
(2761, 'km', 200, 'ត្រូវបានបម្រុងទុក'),
(2762, 'km', 202, 'អ្នកគ្រប់គ្រងអ្នកប្រើប្រាស់'),
(2763, 'km', 203, 'បង្កើត'),
(2764, 'km', 243, 'មោះក្លឹបកីឡាវាយកូនគោល'),
(2765, 'km', 244, 'ឈ្មោះទីលានវាយកូនគោល'),
(2766, 'km', 288, 'មោះភាសារ'),
(2767, 'km', 290, 'ការពិពណ៌នា'),
(2768, 'km', 291, 'មោះភាសារ'),
(2769, 'km', 292, 'ឈ្មោះទីលានវាយកូនគោល'),
(2770, 'km', 92, 'ក្លឹបកីឡាវាយកូនគោល'),
(2771, 'km', 93, 'រាយបញ្ជីឯកសារយោងសមាជិកក្លឹប'),
(2772, 'km', 94, 'បង្កើតឯកសារយោងក្លឹបរបស់សមាជិក'),
(2773, 'km', 95, 'ផ្តល់ទិន្នន័យថ្មីនៃឯកសារយោងសមាជិកក្លឹប'),
(2774, 'km', 96, 'លុបចោលឯកសារយោងក្លឹបរបស់សមាជិក'),
(2775, 'km', 97, 'បែងចែកឯកសារយោងក្លឹបសមាជិក'),
(2776, 'km', 98, 'ត្រួតពិនិត្យមើលឯកសារយោងក្លឹបរបស់សមាជិក'),
(2777, 'km', 99, 'ពត៌មានលំអិតនៃទីលានវាយកូនគោល'),
(2778, 'km', 100, 'ទីលានវាយកូនគោល'),
(2779, 'km', 101, 'ភេទ'),
(2780, 'km', 103, 'ឡូ 9'),
(2781, 'km', 104, 'ការវាយតំលៃបណ្ដោះអាសន្ន'),
(2782, 'km', 105, 'រាយបញ្ជីពត៌មានលំអិតនៃទីលានវាយកូនគោល'),
(2783, 'km', 106, 'បង្កើតទំហំទីលានវាយកូនគោល'),
(2784, 'km', 107, 'ផ្តល់ទិន្នន័យថ្មីនៃទំហំទីលានវាយកូនគោល'),
(2785, 'km', 108, 'លុចចោលពត៌មានលំអិតរបស់ទីលានវាយកូនគោល'),
(2786, 'km', 109, 'បែងចែកពត៌មានលំអិតនៃទីលានវាយកូនគោល'),
(2787, 'km', 110, 'ត្រួតពិនិត្យមើលទំហំទីលានវាយកូនគោល'),
(2788, 'km', 124, 'នាមខ្លួន'),
(2789, 'km', 125, 'នាមត្រកូល'),
(2790, 'km', 134, 'ភេទ'),
(2791, 'km', 123, 'អត្តលេខសមាជិក'),
(2792, 'km', 128, 'បូកពិន្ទុ'),
(2793, 'km', 129, 'ទទួលពិន្ទុ'),
(2794, 'km', 130, 'សមាជិករបស់'),
(2795, 'km', 131, 'សមាជិករបស់ក្លឹបទាំងអស់'),
(2796, 'km', 132, 'បង្កើតពិន្ទុសមាជិក'),
(2797, 'km', 133, 'សមាជិក'),
(2798, 'km', 135, 'ទីលានវាយកូនគោល'),
(2799, 'km', 136, 'ទីតាំងចាប់ផ្តើម'),
(2800, 'km', 137, 'កាលបរិច្ឆេទបូកពិន្ទុ'),
(2801, 'km', 138, 'ឈ្មោះការប្រកួត'),
(2802, 'km', 139, 'ចំនួនវាយសរុប'),
(2803, 'km', 140, 'ត្រូវបានកែតម្រូវ'),
(2804, 'km', 141, 'ឡូត្រូវបានលេង'),
(2805, 'km', 142, 'រាយបញ្ជីពិន្ទុ'),
(2806, 'km', 143, 'ជ្រើសរើសទីលានវាយកូនគោល'),
(2807, 'km', 144, 'ជ្រើសរើសទីតាំងចាប់ផ្តើម'),
(2808, 'km', 145, 'ទទួលពិន្ទុ'),
(2809, 'km', 147, 'ភាពផ្សេងគ្នានៃ Handicap'),
(2810, 'km', 256, 'ក្លឹបកីឡាវាយកូនគោល'),
(2811, 'km', 257, 'Handicap ដែលត្រូវបានគេប្រើប្រាស់'),
(2812, 'km', 258, 'ពិន្ទុប្រកួត'),
(2813, 'km', 270, 'ថ្ងៃអាទិត្យ'),
(2814, 'km', 271, 'ថ្ងៃច័ន្ទ'),
(2815, 'km', 272, 'ថ្ងៃអង្គារ'),
(2816, 'km', 273, 'ថ្ងៃពុធ'),
(2817, 'km', 274, 'ថ្ងៃព្រហស្បតិ៍'),
(2818, 'km', 275, 'ថ្ងៃសុក្រ'),
(2819, 'km', 276, 'ថ្ងៃសៅរ៍'),
(2820, 'km', 277, 'ក្លឹបកីឡាវាយកូនគោល'),
(2821, 'km', 278, 'លេខកូដភាសារ'),
(2822, 'km', 279, 'បង្កើតជីវប្រវត្តក្លឹប'),
(2823, 'km', 280, 'ផ្តល់ទិន្នន័យថ្មីនៃជីវប្រវត្តក្លឹប'),
(2824, 'km', 281, 'ត្រួតពិនិត្យមើលជីវប្រវត្តក្លឹប'),
(2825, 'km', 285, 'ត្រួតពិនិត្យមើលជីវប្រវត្តពហុភាសារ'),
(2826, 'km', 286, 'ផ្តល់ទិន្នន័យថ្មីនៃជីវប្រវត្តពហុភាសារ'),
(2827, 'km', 287, 'លុបចោលជីវប្រវត្តក្លឹប'),
(2828, 'km', 289, 'ឈ្មោះក្លឹប'),
(2829, 'km', 293, 'ការពណ៌នាអំពីទីលានវាយកូនគោល'),
(2830, 'km', 294, 'លេខកូដភាសារ'),
(2831, 'km', 295, 'បង្កើតជីវប្រវត្តទីលានវាយកូនគោល'),
(2832, 'km', 296, 'ផ្តល់ទិន្នន័យថ្មីនៃជីវប្រវត្តទីលានវាយកូនគោល'),
(2833, 'km', 298, 'លុបចោលជីវប្រវត្តទីលានវាយកូនគោល'),
(2834, 'km', 302, 'ត្រួតពិនិត្យមើលជីវប្រវត្តពហុភាសារ'),
(2835, 'km', 303, 'ផ្តល់ទិន្នន័យថ្មីនៃជីវប្រវត្តពហុភាសារ'),
(2836, 'km', 282, 'ជីវប្រវត្តពហុភាសារបស់ក្លឹបកីឡាវាយកូនគោល'),
(2837, 'km', 283, 'រាយបញ្ជីជីវប្រវត្តក្លឹប'),
(2838, 'km', 284, 'បង្កើតជីវប្រវត្តពហុភាសារ'),
(2839, 'km', 297, 'ត្រួតពិនិត្យមើលជីវប្រវត្តទីលានវាយកូនគោល'),
(2840, 'km', 299, 'រាយបញ្ជីជីវប្រវត្តទីលានវាយកូនគោល'),
(2841, 'km', 300, 'ជីវប្រវត្តពហុភាសានៃទីលានវាយកូនគោល'),
(2842, 'km', 301, 'បង្កើតជីវប្រវត្តពហុភាសារ'),
(2843, 'my', 1, 'နိုင်ငံအမည်'),
(2844, 'my', 2, 'နိုင်ငံသက်သေခံကတ်ပြား'),
(2845, 'my', 3, 'နိုင်ငံများတီထွင်ဖန်တီးမှု'),
(2846, 'my', 4, 'နိုင်ငံများ၏မြင်ကွင်း'),
(2847, 'my', 5, 'နိုင်ငံများအားပြုပြင်မွမ်းမံခြင်း'),
(2848, 'my', 6, 'နိုင်ငံများစီမံခန့်ခွဲခြင်း'),
(2849, 'my', 10, 'နိုင်ငံများ၏စာရင်း'),
(2850, 'my', 11, 'နိုင်ငံများအားပယ်ဖျက်ခြင်း'),
(2851, 'my', 267, 'နိုင်ငံများ'),
(2852, 'my', 309, 'နိုင်ငံဖုန်းသင်္ကေတ'),
(2853, 'my', 310, 'နိုင်ငံအယ်လ်ဖာ-၃ သင်္ကေတ'),
(2854, 'my', 311, 'နိုင်ငံစံပြသင်္ကေတ'),
(2855, 'my', 7, 'အဆင့်မြင့်သုတေသနပြုလုပ်ခြင်း'),
(2856, 'my', 8, 'တီထွင်ဖန်တီးမှု'),
(2857, 'my', 9, 'သိမ်းဆည်းသည်'),
(2858, 'my', 12, 'စည်းမျဉ်းကျအောင်လုပ်ရသောအညွန်းကိန်းများ'),
(2859, 'my', 72, 'ဖုန်း'),
(2860, 'my', 77, 'နေရပ်လိပ်စာလိုင်းအမှတ်(၁)'),
(2861, 'my', 118, 'သာတူညီမျှခြင်း'),
(2862, 'my', 223, 'နေရပ်လိပ်စာလိုင်းအမှတ်(၂)'),
(2863, 'my', 224, 'မြို့'),
(2864, 'my', 225, 'နိုင်ငံ/စီရင်စု'),
(2865, 'my', 226, 'စာတိုက်သေတ္တာအမှတ်'),
(2866, 'my', 227, 'နိုင်ငံ'),
(2867, 'my', 233, 'အီးလ်မေးလ်'),
(2868, 'my', 234, 'ဖက်စ်နံပါတ်'),
(2869, 'my', 235, 'ကွန်ရက်'),
(2870, 'my', 241, 'ဖုန်း'),
(2871, 'my', 245, 'ပယ်ဖျက်ခြင်း'),
(2872, 'my', 246, 'ပယ်ဖျက်ခြင်း'),
(2873, 'my', 248, 'အဆင့်အတန်း'),
(2874, 'my', 249, 'လတ္တီကျု'),
(2875, 'my', 250, 'လောင်ဂျီကျု'),
(2876, 'my', 313, 'အမျိုးသား'),
(2877, 'my', 314, 'အမျိုးသမီး'),
(2878, 'my', 200, 'သီးသန့်ဖယ်ထားသည်'),
(2879, 'my', 201, 'မူလစာမျက်နှာ'),
(2880, 'my', 202, 'အသုံးပြုသူအားထိန်းချုုပ်မှု'),
(2881, 'my', 203, 'တည်ထောင်ခြင်း'),
(2882, 'my', 204, 'ကွန်ပျူတာပိတ်ခြင်း'),
(2883, 'my', 146, 'တင်ပြသည်'),
(2884, 'my', 191, 'တင်ပြသည်'),
(2885, 'my', 262, 'ဘာသာစကား'),
(2886, 'my', 263, 'တင်ပြသည်'),
(2887, 'my', 288, 'ဘာသာစကားအမည်'),
(2888, 'my', 291, 'ဘာသာစကားအမည်'),
(2889, 'my', 294, 'ဘာသာစကားသင်္ကေတ'),
(2890, 'my', 304, 'ဘာသာစကားသတင်းတို'),
(2891, 'my', 305, 'ဘာသာစကားသတင်းတို'),
(2892, 'my', 176, 'လုပ်ဆောင်ရန်ခွင့်ပြုချက်များ'),
(2893, 'my', 177, 'ဇာတ်ကောင်များစာရင်း'),
(2894, 'my', 179, 'ဇာတ်ကောင်များကိုခွဲဝေလွှဲအပ်ခြင်း'),
(2895, 'my', 206, 'နိုင်ငံများ'),
(2896, 'my', 207, 'ဂေါက်အသင်းများ'),
(2897, 'my', 208, 'ဂေါက်ကလပ်အမျိုးအစား'),
(2898, 'my', 209, 'ဂေါက်ကွင်းများ'),
(2899, 'my', 211, 'ဂေါက်ကွင်းသတ်မှတ်ချက်'),
(2900, 'my', 212, 'ကလပ်အသင်းဝင်များ'),
(2901, 'my', 213, 'ဂေါက်ကလပ်များ'),
(2902, 'my', 214, 'နိုင်ငံများစီမံခန့်ခွဲခြင်း'),
(2903, 'my', 215, 'ဂေါက်အသင်းအဖွဲ့များအားစီမံခန့်ခွဲခြင်း'),
(2904, 'my', 216, 'ဂေါက်ကလပ်အမျိုးအစားများအားစီမံခန့်ခွဲခြင်း'),
(2905, 'my', 217, 'ဂေါက်ကလပ်များစီမံခန့်ခွဲခြင်း'),
(2906, 'my', 218, 'ဂေါက်ကွင်းများစီမံခန့်ခွဲခြင်း'),
(2907, 'my', 219, 'အသင်းဝင်များအားလုံးစီမံခန့်ခွဲခြင်း'),
(2908, 'my', 220, 'ဂေါက်ကွင်းသတ်မှတ်ချက်များအားစီမံခန့်ခွဲခြင်း'),
(2909, 'my', 221, 'ဘာသာစကားများစီမံခန့်ခွဲခြင်း'),
(2910, 'my', 222, 'ဘာသာစကားထိန်းချုပ်မှု'),
(2911, 'my', 251, 'စီမံခန့်ခွဲသူအသင်းဝင်'),
(2912, 'my', 252, 'အစီရင်ခံစာများ'),
(2913, 'my', 253, 'ဂေါက်အသုံးဝင်ခြင်းများ'),
(2914, 'my', 254, 'ပုံပန်းသဏ္ဍန်အသုံးဝင်ခြင်းများ'),
(2915, 'my', 255, 'အသုံးပြုသူအားထိန်းချုုပ်မှု'),
(2916, 'my', 320, 'လုပ်ငန်းဖွဲ့စည်းပုံ'),
(2917, 'my', 322, 'လုပ်ငန်းဖွဲ့စည်းပုံ'),
(2918, 'my', 332, 'နိုင်ငံများ/စီရင်စုများ'),
(2919, 'my', 333, 'နိုင်ငံ/စီရင်စုများစီမံခန့်ခွဲခြင်း'),
(2920, 'my', 82, 'အသင်းဝင်များ'),
(2921, 'my', 210, 'အသင်းဝင်များ'),
(2922, 'my', 160, 'အသုံးပြုသူများ'),
(2923, 'my', 178, 'အသုံးပြုသူများ'),
(2924, 'my', 205, 'လုပ်ငန်းစီမံခန့်ခွဲသူ'),
(2925, 'fr', 256, 'club de golf'),
(2926, 'fr', 337, 'club members'),
(2927, 'fr', 338, 'members'),
(2928, 'fr', 340, 'association'),
(2929, 'fr', 341, 'golf clubs'),
(2930, 'fr', 342, 'golf courses'),
(2931, 'fr', 345, 'tees'),
(2932, 'fr', 347, 'pays'),
(2933, 'fr', 348, 'states/provinces'),
(2934, 'fr', 349, 'site configuration'),
(2935, 'fr', 350, 'language manager'),
(2936, 'fr', 351, 'role nom'),
(2937, 'fr', 352, 'user roles'),
(2938, 'fr', 353, 'users'),
(2939, 'fr', 354, 'user role refs'),
(2940, 'ja', 311, ''),
(2941, 'zh_cn', 311, ''),
(2942, 'ar', 65, 'معرف العضو'),
(2943, 'ar', 66, 'لقب العضو'),
(2944, 'ar', 67, 'الاسم الأول'),
(2945, 'ar', 68, 'اسم العائلة'),
(2946, 'ar', 69, 'اللقب (الأول)'),
(2947, 'ar', 70, 'اللقب (الثاني)'),
(2948, 'ar', 71, 'استخدام الاسم المستعار'),
(2949, 'ar', 73, 'الحالة الاجتماعية'),
(2950, 'ar', 74, 'نوع العضو'),
(2951, 'ar', 75, 'حالة العضو'),
(2952, 'ar', 76, 'النوع'),
(2953, 'ar', 79, 'متزوج'),
(2954, 'ar', 80, 'أعزب'),
(2955, 'ar', 81, 'تاريخ الميلاد'),
(2956, 'ar', 82, 'الأعضاء'),
(2957, 'ar', 83, 'سرد الأعضاء'),
(2958, 'ar', 84, 'إنشاء أعضاء'),
(2959, 'ar', 85, 'تحديث الأعضاء'),
(2960, 'ar', 86, 'مسح الأعضاء'),
(2961, 'ar', 87, 'إدارة الأعضاء'),
(2962, 'ar', 88, 'عرض الأعضاء'),
(2963, 'ar', 89, 'التعيين على نوادي'),
(2964, 'ar', 228, 'هاتف محمول'),
(2965, 'ar', 229, 'معرف عضو الرابطة'),
(2966, 'ar', 101, 'النوع'),
(2967, 'ar', 124, 'الاسم الأول'),
(2968, 'ar', 125, 'اسم العائلة'),
(2969, 'ar', 134, 'النوع'),
(2970, 'ar', 156, 'الاسم الأول'),
(2971, 'ar', 157, 'اسم العائلة'),
(2972, 'ar', 194, 'اسم المستخدم'),
(2973, 'ar', 195, 'كلمة مرور'),
(2974, 'ar', 201, 'الرئيسية'),
(2975, 'zh_tr', 309, '国家代码'),
(2976, 'zh_tr', 310, '国家代码Alpha3'),
(2977, 'zh_tr', 311, '国家ICO代码'),
(2978, 'zh_tr', 233, '邮件'),
(2979, 'zh_tr', 234, '传真号码'),
(2980, 'zh_tr', 236, '脸谱'),
(2981, 'zh_tr', 237, '推特'),
(2982, 'zh_tr', 238, '微博'),
(2983, 'zh_tr', 239, 'QQ'),
(2984, 'zh_tr', 240, '链接'),
(2985, 'zh_tr', 306, '微信'),
(2986, 'zh_tr', 268, '协会'),
(2987, 'zh_tr', 269, '高尔夫俱乐部类型身份'),
(2988, 'zh_tr', 304, '语言界面'),
(2989, 'zh_tr', 334, '必须为号码'),
(2990, 'zh_tr', 305, '高尔夫俱乐部多种语言界面'),
(2991, 'zh_tr', 230, '主要地址'),
(2992, 'zh_tr', 231, '姓名显示格式'),
(2993, 'zh_tr', 232, '国家代码'),
(2994, 'zh_tr', 307, '国籍'),
(2995, 'zh_tr', 308, '喜好语言'),
(2996, 'zh_tr', 312, '简况形象'),
(2997, 'zh_tr', 257, '用于差点'),
(2998, 'zh_tr', 258, '比赛道'),
(2999, 'zh_tr', 259, '账户登陆'),
(3000, 'zh_tr', 222, '标签文本语言管理'),
(3001, 'zh_tr', 251, '会员管理'),
(3002, 'zh_tr', 252, '报告'),
(3003, 'zh_tr', 253, '高尔夫设施'),
(3004, 'zh_tr', 254, '设置设施'),
(3005, 'zh_tr', 320, '场地设置'),
(3006, 'zh_tr', 322, '场地设置'),
(3007, 'zh_tr', 333, '管理州/省'),
(3008, 'zh_tr', 265, '翻译'),
(3009, 'zh_tr', 266, '标签实际文本'),
(3010, 'zh_tr', 278, '语言代码'),
(3011, 'zh_tr', 279, '创建俱乐部界面'),
(3012, 'zh_tr', 280, '更新俱乐部概况'),
(3013, 'zh_tr', 281, '查看俱乐部状况'),
(3014, 'zh_tr', 282, '高尔夫俱乐部多种语言界面'),
(3015, 'zh_tr', 283, '列出俱乐部界面'),
(3016, 'zh_tr', 284, '创建多语言界面'),
(3017, 'zh_tr', 285, '查看多语言状况'),
(3018, 'zh_tr', 286, '更新多语言状况'),
(3019, 'zh_tr', 287, '删除俱乐部界面'),
(3020, 'zh_tr', 288, '语言名字'),
(3021, 'zh_tr', 289, '俱乐部名称'),
(3022, 'zh_tr', 291, '语言名字'),
(3023, 'zh_tr', 292, '球道名称'),
(3024, 'zh_tr', 293, '球道描述'),
(3025, 'zh_tr', 294, '语言代码'),
(3026, 'zh_tr', 295, '创建高尔夫球道界面'),
(3027, 'zh_tr', 296, '更新球道状况'),
(3028, 'zh_tr', 297, '查看多语言状况'),
(3029, 'zh_tr', 298, '删除球道界面'),
(3030, 'zh_tr', 299, '列出球道信息'),
(3031, 'zh_tr', 300, '球道多语言界面'),
(3032, 'zh_tr', 301, '创建多语言界面'),
(3033, 'zh_tr', 302, '查看多语言状况'),
(3034, 'zh_tr', 303, '更新多语言状况'),
(3035, 'zh_tr', 316, '日期格式'),
(3036, 'zh_tr', 317, '允许修改会员名字显示格式'),
(3037, 'zh_tr', 318, '俱乐部标志'),
(3038, 'zh_tr', 319, '场地设置'),
(3039, 'zh_tr', 335, '默认州及国家'),
(3040, 'zh_tr', 321, '标志尺寸：90X200(像素），类型：JPG'),
(3041, 'zh_tr', 323, '州'),
(3042, 'zh_tr', 324, '州省名字'),
(3043, 'zh_tr', 325, '州省代码'),
(3044, 'zh_tr', 326, '州省代码'),
(3045, 'zh_tr', 327, '更新州省'),
(3046, 'zh_tr', 328, '创建州及省'),
(3047, 'zh_tr', 329, '查看州省'),
(3048, 'zh_tr', 330, '列出州和省'),
(3049, 'zh_tr', 331, '删除州省'),
(3050, 'zh_tr', 339, '协会'),
(3051, 'zh_tr', 346, '州'),
(3052, 'zh_tr', 347, '场地设置'),
(3053, 'zh_tr', 348, '语言管理'),
(3054, 'zh_cn', 336, '俱乐部会员'),
(3055, 'zh_cn', 255, '用户管理器'),
(3056, 'zh_cn', 322, '用户管理器'),
(3057, 'zh_cn', 337, '俱乐部会员'),
(3058, 'zh_cn', 338, '创建会员'),
(3059, 'zh_cn', 339, '管理联盟');
INSERT INTO `lng_text_translated` (`translated_label_id`, `language_code`, `english_label_id`, `translated_label_text`) VALUES
(3060, 'zh_cn', 340, '高尔夫俱乐部类型'),
(3061, 'zh_cn', 341, '高尔夫俱乐部'),
(3062, 'zh_cn', 342, '高尔夫球场'),
(3063, 'zh_cn', 343, '球座'),
(3064, 'zh_cn', 345, '国家'),
(3065, 'zh_cn', 350, '用户角色'),
(3066, 'zh_cn', 351, '用户'),
(3067, 'zh_cn', 353, '指定'),
(3068, 'zh_cn', 354, '部门'),
(3069, 'zh_cn', 355, '员工人数'),
(3070, 'zh_cn', 356, '雇用日期'),
(3095, 'zh_cn', 346, '各省'),
(3071, 'zh_cn', 357, '部门'),
(3072, 'zh_cn', 358, '员工'),
(3073, 'zh_cn', 359, '部门'),
(3074, 'zh_cn', 360, '表'),
(3075, 'zh_cn', 361, '删除'),
(3076, 'zh_cn', 361, '删除'),
(3077, 'zh_cn', 362, '日'),
(3078, 'zh_cn', 363, '治疗师'),
(3079, 'zh_cn', 364, '现在预订'),
(3080, 'zh_cn', 365, '确认'),
(3081, 'zh_cn', 366, '预订详情'),
(3082, 'zh_cn', 367, '可用的'),
(3083, 'zh_cn', 368, '预订'),
(3084, 'zh_cn', 369, '机舱会议'),
(3085, 'zh_cn', 370, '开始时间'),
(3086, 'zh_cn', 371, '结束时间'),
(3087, 'zh_cn', 372, '查询空房情况。'),
(3088, 'zh_cn', 373, '舱名称'),
(3089, 'zh_cn', 374, '订舱'),
(3090, 'zh_cn', 375, '客舱会议'),
(3091, 'zh_cn', 376, '小屋'),
(3092, 'zh_cn', 377, '球童'),
(3093, 'zh_cn', 378, '球童预订'),
(3094, 'zh_cn', 379, '时隙'),
(3096, 'zh_cn', 347, '组态'),
(3097, 'zh_cn', 348, '语言管理'),
(3098, 'zh_cn', 352, '用户角色'),
(3099, 'zh_cn', 380, '员工的经理'),
(3100, 'zh_cn', 381, '温泉经理'),
(3101, 'zh_cn', 382, '球童经理'),
(3102, 'zh_cn', 383, '配置实用程序'),
(3103, 'zh_cn', 384, '用户管理'),
(3104, 'zh_cn', 385, '成员管理'),
(3105, 'zh_cn', 386, '报告'),
(3106, 'zh_cn', 387, '高尔夫公用事业'),
(3107, 'zh_cn', 318, '标识'),
(3108, 'zh_cn', 319, '组态'),
(3109, 'zh_cn', 321, '文件尺寸'),
(3110, 'zh_cn', 335, '默认状态，国家');

-- --------------------------------------------------------

--
-- Table structure for table `role`
--

CREATE TABLE IF NOT EXISTS `role` (
`rid` int(11) NOT NULL COMMENT 'Role ID',
  `name` varchar(20) NOT NULL COMMENT 'Role Name',
  `description` varchar(150) NOT NULL COMMENT 'Description'
) ENGINE=MyISAM AUTO_INCREMENT=6 DEFAULT CHARSET=latin1 COMMENT='User Role';

--
-- Dumping data for table `role`
--

INSERT INTO `role` (`rid`, `name`, `description`) VALUES
(1, 'Admin', 'Administrator'),
(2, 'Team Member', 'Team Member'),
(5, 'Client - Quasar', '');

-- --------------------------------------------------------

--
-- Table structure for table `role_action_permission_ref`
--

CREATE TABLE IF NOT EXISTS `role_action_permission_ref` (
  `rid` int(11) NOT NULL,
  `aid` int(11) NOT NULL
) ENGINE=MyISAM DEFAULT CHARSET=latin1 COMMENT='Role - Action_Permission Mapping';

--
-- Dumping data for table `role_action_permission_ref`
--

INSERT INTO `role_action_permission_ref` (`rid`, `aid`) VALUES
(1, 13),
(1, 14),
(1, 15),
(1, 16),
(1, 23),
(1, 26),
(1, 27),
(1, 28),
(1, 29),
(1, 30),
(1, 31),
(1, 33),
(1, 34),
(1, 35),
(1, 36),
(1, 37),
(1, 38),
(1, 39),
(1, 40),
(1, 41),
(1, 42),
(1, 43),
(1, 44),
(1, 150),
(1, 151),
(1, 152),
(1, 153),
(1, 154),
(2, 150),
(2, 151),
(2, 152),
(2, 153),
(2, 154),
(5, 150),
(5, 151),
(5, 152),
(5, 153),
(5, 154);

-- --------------------------------------------------------

--
-- Table structure for table `user`
--

CREATE TABLE IF NOT EXISTS `user` (
`uid` int(11) NOT NULL COMMENT 'User ID',
  `enabled` tinyint(4) NOT NULL COMMENT 'User is enabled',
  `loginname` varchar(200) NOT NULL COMMENT 'User Name',
  `familyname` varchar(200) NOT NULL COMMENT 'Family Name',
  `firstname` varchar(200) NOT NULL COMMENT 'First Name',
  `password` varchar(200) NOT NULL COMMENT 'Password',
  `club_id` int(11) NOT NULL DEFAULT '0',
  `deleted` tinyint(4) DEFAULT '0' COMMENT 'Delete Status'
) ENGINE=MyISAM AUTO_INCREMENT=14 DEFAULT CHARSET=latin1 COMMENT='User';

--
-- Dumping data for table `user`
--

INSERT INTO `user` (`uid`, `enabled`, `loginname`, `familyname`, `firstname`, `password`, `club_id`, `deleted`) VALUES
(1, 0, 'admin', 'admin', 'admin', '24b0712e91489671013c3bc67d4ec894', 0, 0),
(8, 0, 'bhashini', 'bhashini', 'bhashini', '3685014355f6c6bb23a1b60d6b17d9c3', 1, 0),
(9, 0, 'chameera@aranxa.com', 'chameera', 'chameera', '981d7697cf449eca2894f1a5e334f6b4', 1, 0),
(10, 0, 'thushara@aranxa.com', 'thushara', 'thushara', '2cd7a3b1ab1d3b3adc4bd2f98f5eb708', 1, 0),
(11, 0, 'ishara@aranxa.com', 'ishara', 'ishara', '2e826fdb73f8257b881a78ad24fb1aa8', 1, 0),
(12, 0, 'ayesha@aranxa.com', 'ayesha', 'ayesha', '35d0ae71fe2ee678501cc19b015fe4db', 1, 0),
(13, 0, 'quasarsoftware', 'quasar', 'software', 'ceb6c233536387139f654247048c5b4b', 1, 0);

-- --------------------------------------------------------

--
-- Table structure for table `user_role_ref`
--

CREATE TABLE IF NOT EXISTS `user_role_ref` (
  `uid` int(11) NOT NULL,
  `rid` int(11) NOT NULL
) ENGINE=MyISAM DEFAULT CHARSET=latin1 COMMENT='User - Role Mapping';

--
-- Dumping data for table `user_role_ref`
--

INSERT INTO `user_role_ref` (`uid`, `rid`) VALUES
(1, 1),
(13, 5),
(9, 2),
(8, 2);

--
-- Indexes for dumped tables
--

--
-- Indexes for table `action_permission`
--
ALTER TABLE `action_permission`
 ADD PRIMARY KEY (`id`), ADD UNIQUE KEY `action_permission_U_1` (`module`,`action`);

--
-- Indexes for table `lng_languages`
--
ALTER TABLE `lng_languages`
 ADD PRIMARY KEY (`language_code`);

--
-- Indexes for table `lng_module`
--
ALTER TABLE `lng_module`
 ADD PRIMARY KEY (`module_id`);

--
-- Indexes for table `lng_text_english`
--
ALTER TABLE `lng_text_english`
 ADD PRIMARY KEY (`english_label_id`);

--
-- Indexes for table `lng_text_translated`
--
ALTER TABLE `lng_text_translated`
 ADD PRIMARY KEY (`translated_label_id`);

--
-- Indexes for table `role`
--
ALTER TABLE `role`
 ADD PRIMARY KEY (`rid`), ADD UNIQUE KEY `role_U_1` (`name`);

--
-- Indexes for table `role_action_permission_ref`
--
ALTER TABLE `role_action_permission_ref`
 ADD PRIMARY KEY (`rid`,`aid`), ADD KEY `role_action_permission_ref_FI_2` (`aid`);

--
-- Indexes for table `user`
--
ALTER TABLE `user`
 ADD PRIMARY KEY (`uid`), ADD UNIQUE KEY `user_U_1` (`loginname`);

--
-- Indexes for table `user_role_ref`
--
ALTER TABLE `user_role_ref`
 ADD PRIMARY KEY (`uid`), ADD KEY `user_role_ref_FI_2` (`rid`);

--
-- AUTO_INCREMENT for dumped tables
--

--
-- AUTO_INCREMENT for table `action_permission`
--
ALTER TABLE `action_permission`
MODIFY `id` int(11) NOT NULL AUTO_INCREMENT COMMENT 'Action ID',AUTO_INCREMENT=155;
--
-- AUTO_INCREMENT for table `lng_module`
--
ALTER TABLE `lng_module`
MODIFY `module_id` int(11) NOT NULL AUTO_INCREMENT,AUTO_INCREMENT=31;
--
-- AUTO_INCREMENT for table `lng_text_english`
--
ALTER TABLE `lng_text_english`
MODIFY `english_label_id` int(11) NOT NULL AUTO_INCREMENT,AUTO_INCREMENT=388;
--
-- AUTO_INCREMENT for table `lng_text_translated`
--
ALTER TABLE `lng_text_translated`
MODIFY `translated_label_id` int(11) NOT NULL AUTO_INCREMENT,AUTO_INCREMENT=3111;
--
-- AUTO_INCREMENT for table `role`
--
ALTER TABLE `role`
MODIFY `rid` int(11) NOT NULL AUTO_INCREMENT COMMENT 'Role ID',AUTO_INCREMENT=6;
--
-- AUTO_INCREMENT for table `user`
--
ALTER TABLE `user`
MODIFY `uid` int(11) NOT NULL AUTO_INCREMENT COMMENT 'User ID',AUTO_INCREMENT=14;
/*!40101 SET CHARACTER_SET_CLIENT=@OLD_CHARACTER_SET_CLIENT */;
/*!40101 SET CHARACTER_SET_RESULTS=@OLD_CHARACTER_SET_RESULTS */;
/*!40101 SET COLLATION_CONNECTION=@OLD_COLLATION_CONNECTION */;
